{
  "total_tldrs": 289,
  "total_tokens": 910051,
  "total_cost": 0.11785209999999983,
  "runs": 4111,
  "last_run": "2026-02-15T19:12:41.462420"
}