{
  "total_tldrs": 332,
  "total_tokens": 1028655,
  "total_cost": 0.13253849999999992,
  "runs": 6490,
  "last_run": "2026-03-20T12:43:59.986831"
}