{
  "total_tldrs": 332,
  "total_tokens": 1028655,
  "total_cost": 0.13253849999999992,
  "runs": 5926,
  "last_run": "2026-03-12T06:33:06.303623"
}