{
  "total_tldrs": 313,
  "total_tokens": 974531,
  "total_cost": 0.12590239999999986,
  "runs": 4693,
  "last_run": "2026-02-23T20:15:19.221028"
}