{
  "total_tldrs": 258,
  "total_tokens": 816906,
  "total_cost": 0.10645889999999986,
  "runs": 3609,
  "last_run": "2026-02-08T10:32:50.650729"
}