{
  "total_tldrs": 332,
  "total_tokens": 1028655,
  "total_cost": 0.13253849999999992,
  "runs": 7358,
  "last_run": "2026-04-02T22:36:01.909980"
}