{
  "total_tldrs": 209,
  "total_tokens": 685868,
  "total_cost": 0.08950609999999988,
  "runs": 2827,
  "last_run": "2026-01-28T23:52:02.901423"
}