{
  "total_tldrs": 96,
  "total_tokens": 246689,
  "total_cost": 0.03210349999999999,
  "runs": 631,
  "last_run": "2026-01-08T16:13:30.619496"
}