{
  "total_tldrs": 277,
  "total_tokens": 877885,
  "total_cost": 0.11385429999999985,
  "runs": 3869,
  "last_run": "2026-02-12T16:59:55.907510"
}