{
  "total_tldrs": 127,
  "total_tokens": 360648,
  "total_cost": 0.046947299999999956,
  "runs": 1347,
  "last_run": "2026-01-14T23:11:18.010789"
}