{
  "total_tldrs": 275,
  "total_tokens": 870146,
  "total_cost": 0.11290759999999986,
  "runs": 3821,
  "last_run": "2026-02-11T21:18:39.697957"
}