{
  "total_tldrs": 161,
  "total_tokens": 495669,
  "total_cost": 0.06457679999999995,
  "runs": 2020,
  "last_run": "2026-01-21T04:17:11.502258"
}