{
  "total_tldrs": 332,
  "total_tokens": 1028655,
  "total_cost": 0.13253849999999992,
  "runs": 8147,
  "last_run": "2026-04-17T00:58:35.377377"
}