{
  "total_tldrs": 149,
  "total_tokens": 427635,
  "total_cost": 0.05559149999999995,
  "runs": 1637,
  "last_run": "2026-01-17T14:05:54.491212"
}