{
  "total_tldrs": 332,
  "total_tokens": 1028655,
  "total_cost": 0.13253849999999992,
  "runs": 8641,
  "last_run": "2026-04-26T16:23:05.278949"
}