{
  "total_tldrs": 309,
  "total_tokens": 965587,
  "total_cost": 0.12477669999999985,
  "runs": 4524,
  "last_run": "2026-02-21T17:46:45.547280"
}