{
  "total_tldrs": 332,
  "total_tokens": 1028655,
  "total_cost": 0.13253849999999992,
  "runs": 6891,
  "last_run": "2026-03-26T03:30:06.839917"
}