{
  "total_tldrs": 258,
  "total_tokens": 817941,
  "total_cost": 0.10657109999999986,
  "runs": 3626,
  "last_run": "2026-02-08T14:45:02.445651"
}