{
  "total_tldrs": 260,
  "total_tokens": 821259,
  "total_cost": 0.10698779999999986,
  "runs": 3643,
  "last_run": "2026-02-08T18:33:08.893558"
}