{
  "total_tldrs": 314,
  "total_tokens": 977764,
  "total_cost": 0.12627279999999985,
  "runs": 4703,
  "last_run": "2026-02-23T23:21:55.540919"
}