{
  "total_tldrs": 332,
  "total_tokens": 1028655,
  "total_cost": 0.13253849999999992,
  "runs": 7175,
  "last_run": "2026-03-30T13:39:57.273094"
}