{
  "total_tldrs": 332,
  "total_tokens": 1028655,
  "total_cost": 0.13253849999999992,
  "runs": 9791,
  "last_run": "2026-05-29T01:21:36.834395"
}