{
  "total_tldrs": 288,
  "total_tokens": 908998,
  "total_cost": 0.11770929999999984,
  "runs": 4062,
  "last_run": "2026-02-15T07:45:54.300219"
}