{
  "total_tldrs": 118,
  "total_tokens": 330672,
  "total_cost": 0.04305119999999997,
  "runs": 1133,
  "last_run": "2026-01-12T22:40:17.923371"
}