{
  "total_tldrs": 282,
  "total_tokens": 893914,
  "total_cost": 0.11586129999999983,
  "runs": 3904,
  "last_run": "2026-02-13T06:56:38.262438"
}