{
  "total_tldrs": 161,
  "total_tokens": 491918,
  "total_cost": 0.06411169999999995,
  "runs": 2014,
  "last_run": "2026-01-21T00:41:17.306133"
}