{
  "total_tldrs": 101,
  "total_tokens": 258429,
  "total_cost": 0.03366449999999999,
  "runs": 694,
  "last_run": "2026-01-09T07:01:04.588438"
}