{
  "total_tldrs": 197,
  "total_tokens": 632924,
  "total_cost": 0.08250619999999988,
  "runs": 2659,
  "last_run": "2026-01-27T07:44:48.872948"
}