{
  "total_tldrs": 332,
  "total_tokens": 1028655,
  "total_cost": 0.13253849999999992,
  "runs": 6780,
  "last_run": "2026-03-24T06:10:34.880087"
}