{
  "total_tldrs": 323,
  "total_tokens": 999097,
  "total_cost": 0.1288995999999999,
  "runs": 4954,
  "last_run": "2026-02-27T22:09:53.514074"
}