{
  "total_tldrs": 332,
  "total_tokens": 1028655,
  "total_cost": 0.13253849999999992,
  "runs": 9727,
  "last_run": "2026-05-26T07:56:23.451164"
}