{
  "total_tldrs": 332,
  "total_tokens": 1028655,
  "total_cost": 0.13253849999999992,
  "runs": 5620,
  "last_run": "2026-03-08T05:34:23.625971"
}