{
  "total_tldrs": 154,
  "total_tokens": 447906,
  "total_cost": 0.05828609999999996,
  "runs": 1741,
  "last_run": "2026-01-18T10:04:46.135202"
}