{
  "total_tldrs": 151,
  "total_tokens": 431111,
  "total_cost": 0.056053699999999956,
  "runs": 1661,
  "last_run": "2026-01-17T17:47:18.294920"
}