{
  "total_tldrs": 159,
  "total_tokens": 481670,
  "total_cost": 0.06275659999999995,
  "runs": 1980,
  "last_run": "2026-01-20T16:31:27.171698"
}