{
  "total_tldrs": 214,
  "total_tokens": 712344,
  "total_cost": 0.09300479999999987,
  "runs": 2935,
  "last_run": "2026-01-30T12:33:48.338118"
}