{
  "total_tldrs": 332,
  "total_tokens": 1028655,
  "total_cost": 0.13253849999999992,
  "runs": 5502,
  "last_run": "2026-03-06T22:27:34.085526"
}