{
  "total_tldrs": 144,
  "total_tokens": 418297,
  "total_cost": 0.054329799999999956,
  "runs": 1577,
  "last_run": "2026-01-17T02:28:28.214950"
}