{
  "total_tldrs": 332,
  "total_tokens": 1028655,
  "total_cost": 0.13253849999999992,
  "runs": 9438,
  "last_run": "2026-05-17T03:26:01.181906"
}