{
  "total_tldrs": 332,
  "total_tokens": 1028655,
  "total_cost": 0.13253849999999992,
  "runs": 7518,
  "last_run": "2026-04-05T08:48:17.540007"
}