{
  "total_tldrs": 312,
  "total_tokens": 972779,
  "total_cost": 0.12561949999999986,
  "runs": 4654,
  "last_run": "2026-02-23T04:52:34.685834"
}