{
  "total_tldrs": 332,
  "total_tokens": 1028655,
  "total_cost": 0.13253849999999992,
  "runs": 7240,
  "last_run": "2026-03-31T18:59:29.189322"
}