{
  "total_tldrs": 192,
  "total_tokens": 595650,
  "total_cost": 0.07756859999999989,
  "runs": 2450,
  "last_run": "2026-01-25T08:16:26.030502"
}