{
  "total_tldrs": 205,
  "total_tokens": 665731,
  "total_cost": 0.08677059999999985,
  "runs": 2759,
  "last_run": "2026-01-28T08:19:17.616249"
}