{
  "total_tldrs": 278,
  "total_tokens": 879279,
  "total_cost": 0.11406359999999985,
  "runs": 3871,
  "last_run": "2026-02-12T17:53:01.308322"
}