{
  "total_tldrs": 332,
  "total_tokens": 1028655,
  "total_cost": 0.13253849999999992,
  "runs": 9327,
  "last_run": "2026-05-14T05:33:32.262307"
}