{
  "total_tldrs": 332,
  "total_tokens": 1028655,
  "total_cost": 0.13253849999999992,
  "runs": 7734,
  "last_run": "2026-04-09T03:17:05.142197"
}