{
  "total_tldrs": 332,
  "total_tokens": 1028655,
  "total_cost": 0.13253849999999992,
  "runs": 7745,
  "last_run": "2026-04-09T10:11:28.853405"
}