{
  "total_tldrs": 161,
  "total_tokens": 489855,
  "total_cost": 0.06383129999999995,
  "runs": 2006,
  "last_run": "2026-01-20T22:51:44.823813"
}