{
  "total_tldrs": 324,
  "total_tokens": 1002766,
  "total_cost": 0.1293768999999999,
  "runs": 4956,
  "last_run": "2026-02-27T22:36:57.269466"
}