{
  "total_tldrs": 313,
  "total_tokens": 974531,
  "total_cost": 0.12590239999999986,
  "runs": 4689,
  "last_run": "2026-02-23T18:36:17.425495"
}