{
  "total_tldrs": 205,
  "total_tokens": 666474,
  "total_cost": 0.08687399999999985,
  "runs": 2766,
  "last_run": "2026-01-28T10:01:22.505412"
}