{
  "total_tldrs": 332,
  "total_tokens": 1028655,
  "total_cost": 0.13253849999999992,
  "runs": 8671,
  "last_run": "2026-04-27T04:34:22.282221"
}