{
  "total_tldrs": 332,
  "total_tokens": 1028655,
  "total_cost": 0.13253849999999992,
  "runs": 8838,
  "last_run": "2026-05-01T17:29:16.532032"
}