{
  "total_tldrs": 332,
  "total_tokens": 1028655,
  "total_cost": 0.13253849999999992,
  "runs": 7447,
  "last_run": "2026-04-04T09:37:44.231848"
}