{
  "total_tldrs": 296,
  "total_tokens": 923153,
  "total_cost": 0.11957209999999986,
  "runs": 4245,
  "last_run": "2026-02-17T18:29:31.364234"
}