{
  "total_tldrs": 332,
  "total_tokens": 1028655,
  "total_cost": 0.13253849999999992,
  "runs": 6456,
  "last_run": "2026-03-19T23:20:09.133593"
}