{
  "total_tldrs": 332,
  "total_tokens": 1028655,
  "total_cost": 0.13253849999999992,
  "runs": 8969,
  "last_run": "2026-05-04T10:11:06.351524"
}