{
  "total_tldrs": 316,
  "total_tokens": 981022,
  "total_cost": 0.12666189999999986,
  "runs": 4746,
  "last_run": "2026-02-24T18:29:17.659570"
}