{
  "total_tldrs": 329,
  "total_tokens": 1020628,
  "total_cost": 0.13156449999999992,
  "runs": 5100,
  "last_run": "2026-03-01T10:40:20.924998"
}