{
  "total_tldrs": 332,
  "total_tokens": 1028655,
  "total_cost": 0.13253849999999992,
  "runs": 9728,
  "last_run": "2026-05-26T09:10:22.109578"
}