{
  "total_tldrs": 161,
  "total_tokens": 490414,
  "total_cost": 0.06391179999999995,
  "runs": 2008,
  "last_run": "2026-01-20T23:09:19.320543"
}