{
  "total_tldrs": 332,
  "total_tokens": 1028655,
  "total_cost": 0.13253849999999992,
  "runs": 9000,
  "last_run": "2026-05-05T07:01:28.042583"
}