{
  "total_tldrs": 192,
  "total_tokens": 595650,
  "total_cost": 0.07756859999999989,
  "runs": 2451,
  "last_run": "2026-01-25T08:31:31.322411"
}