{
  "total_tldrs": 332,
  "total_tokens": 1028655,
  "total_cost": 0.13253849999999992,
  "runs": 5787,
  "last_run": "2026-03-10T06:05:34.625011"
}