{
  "total_tldrs": 332,
  "total_tokens": 1028655,
  "total_cost": 0.13253849999999992,
  "runs": 6845,
  "last_run": "2026-03-25T09:01:13.777866"
}