{
  "total_tldrs": 332,
  "total_tokens": 1028655,
  "total_cost": 0.13253849999999992,
  "runs": 5542,
  "last_run": "2026-03-07T10:48:48.664642"
}