{
  "total_tldrs": 180,
  "total_tokens": 551447,
  "total_cost": 0.07181029999999991,
  "runs": 2205,
  "last_run": "2026-01-23T05:18:32.481642"
}