{
  "total_tldrs": 191,
  "total_tokens": 586376,
  "total_cost": 0.0763924999999999,
  "runs": 2394,
  "last_run": "2026-01-24T19:32:02.635605"
}