{
  "total_tldrs": 279,
  "total_tokens": 886311,
  "total_cost": 0.11491139999999984,
  "runs": 3895,
  "last_run": "2026-02-13T00:59:18.202029"
}