{
  "total_tldrs": 332,
  "total_tokens": 1028655,
  "total_cost": 0.13253849999999992,
  "runs": 8117,
  "last_run": "2026-04-16T11:05:51.259957"
}