{
  "total_tldrs": 332,
  "total_tokens": 1028655,
  "total_cost": 0.13253849999999992,
  "runs": 6664,
  "last_run": "2026-03-22T14:03:39.966586"
}