{
  "total_tldrs": 328,
  "total_tokens": 1019650,
  "total_cost": 0.13143369999999993,
  "runs": 5080,
  "last_run": "2026-03-01T05:54:10.500832"
}