{
  "total_tldrs": 145,
  "total_tokens": 420135,
  "total_cost": 0.054587699999999954,
  "runs": 1595,
  "last_run": "2026-01-17T06:58:19.299310"
}