{
  "total_tldrs": 332,
  "total_tokens": 1028655,
  "total_cost": 0.13253849999999992,
  "runs": 6389,
  "last_run": "2026-03-18T22:48:08.153784"
}