{
  "total_tldrs": 311,
  "total_tokens": 969610,
  "total_cost": 0.12526629999999986,
  "runs": 4639,
  "last_run": "2026-02-22T22:24:14.380497"
}