{
  "total_tldrs": 332,
  "total_tokens": 1028655,
  "total_cost": 0.13253849999999992,
  "runs": 7128,
  "last_run": "2026-03-29T17:32:32.296018"
}