{
  "total_tldrs": 300,
  "total_tokens": 935376,
  "total_cost": 0.12108899999999988,
  "runs": 4331,
  "last_run": "2026-02-19T03:43:57.275418"
}