{
  "total_tldrs": 284,
  "total_tokens": 899499,
  "total_cost": 0.11652629999999983,
  "runs": 3961,
  "last_run": "2026-02-14T01:38:14.336989"
}