{
  "total_tldrs": 179,
  "total_tokens": 548702,
  "total_cost": 0.07144639999999991,
  "runs": 2198,
  "last_run": "2026-01-23T02:36:19.860736"
}