{
  "total_tldrs": 118,
  "total_tokens": 331367,
  "total_cost": 0.04313959999999997,
  "runs": 1144,
  "last_run": "2026-01-13T00:36:16.549104"
}