{
  "total_tldrs": 179,
  "total_tokens": 543528,
  "total_cost": 0.07084229999999991,
  "runs": 2195,
  "last_run": "2026-01-23T00:41:15.610049"
}