{
  "total_tldrs": 205,
  "total_tokens": 669654,
  "total_cost": 0.08731169999999985,
  "runs": 2789,
  "last_run": "2026-01-28T15:50:07.957291"
}