{
  "total_tldrs": 332,
  "total_tokens": 1028655,
  "total_cost": 0.13253849999999992,
  "runs": 7986,
  "last_run": "2026-04-13T12:38:09.014790"
}