{
  "total_tldrs": 332,
  "total_tokens": 1028655,
  "total_cost": 0.13253849999999992,
  "runs": 8314,
  "last_run": "2026-04-19T21:06:29.321240"
}