{
  "total_tldrs": 318,
  "total_tokens": 983789,
  "total_cost": 0.12707869999999985,
  "runs": 4780,
  "last_run": "2026-02-25T08:17:12.729581"
}