{
  "total_tldrs": 300,
  "total_tokens": 935376,
  "total_cost": 0.12108899999999988,
  "runs": 4343,
  "last_run": "2026-02-19T09:04:56.963326"
}