{
  "total_tldrs": 332,
  "total_tokens": 1028655,
  "total_cost": 0.13253849999999992,
  "runs": 7974,
  "last_run": "2026-04-13T03:58:19.093540"
}