{
  "total_tldrs": 155,
  "total_tokens": 457293,
  "total_cost": 0.05952089999999995,
  "runs": 1847,
  "last_run": "2026-01-19T08:31:19.480114"
}