{
  "total_tldrs": 332,
  "total_tokens": 1028655,
  "total_cost": 0.13253849999999992,
  "runs": 7254,
  "last_run": "2026-03-31T23:13:23.781447"
}