{
  "total_tldrs": 322,
  "total_tokens": 992312,
  "total_cost": 0.12813409999999986,
  "runs": 4871,
  "last_run": "2026-02-26T19:32:26.277325"
}