{
  "total_tldrs": 332,
  "total_tokens": 1028655,
  "total_cost": 0.13253849999999992,
  "runs": 5606,
  "last_run": "2026-03-07T23:04:18.789989"
}