{
  "total_tldrs": 287,
  "total_tokens": 904544,
  "total_cost": 0.11713159999999984,
  "runs": 4022,
  "last_run": "2026-02-14T18:47:00.162578"
}