{
  "total_tldrs": 322,
  "total_tokens": 991366,
  "total_cost": 0.12802689999999986,
  "runs": 4842,
  "last_run": "2026-02-26T08:44:18.167277"
}