{
  "total_tldrs": 332,
  "total_tokens": 1028655,
  "total_cost": 0.13253849999999992,
  "runs": 8806,
  "last_run": "2026-04-30T22:12:56.076972"
}