{
  "total_tldrs": 332,
  "total_tokens": 1028655,
  "total_cost": 0.13253849999999992,
  "runs": 7317,
  "last_run": "2026-04-02T07:09:07.135220"
}