{
  "total_tldrs": 332,
  "total_tokens": 1028655,
  "total_cost": 0.13253849999999992,
  "runs": 9796,
  "last_run": "2026-05-29T07:47:30.517822"
}