{
  "total_tldrs": 332,
  "total_tokens": 1028655,
  "total_cost": 0.13253849999999992,
  "runs": 9386,
  "last_run": "2026-05-15T23:24:59.955309"
}