{
  "total_tldrs": 308,
  "total_tokens": 963310,
  "total_cost": 0.12449259999999986,
  "runs": 4483,
  "last_run": "2026-02-21T08:46:50.926702"
}