{
  "total_tldrs": 332,
  "total_tokens": 1028655,
  "total_cost": 0.13253849999999992,
  "runs": 9105,
  "last_run": "2026-05-08T07:45:21.195686"
}