{
  "total_tldrs": 213,
  "total_tokens": 707073,
  "total_cost": 0.09228629999999988,
  "runs": 2910,
  "last_run": "2026-01-30T05:16:50.142365"
}