{
  "total_tldrs": 332,
  "total_tokens": 1028655,
  "total_cost": 0.13253849999999992,
  "runs": 7794,
  "last_run": "2026-04-10T11:02:18.440883"
}