{
  "total_tldrs": 332,
  "total_tokens": 1028655,
  "total_cost": 0.13253849999999992,
  "runs": 7515,
  "last_run": "2026-04-05T07:55:51.574522"
}