{
  "total_tldrs": 142,
  "total_tokens": 410902,
  "total_cost": 0.05339919999999996,
  "runs": 1553,
  "last_run": "2026-01-16T20:52:02.615593"
}