{
  "total_tldrs": 332,
  "total_tokens": 1028655,
  "total_cost": 0.13253849999999992,
  "runs": 7154,
  "last_run": "2026-03-30T00:13:25.437342"
}