{
  "total_tldrs": 152,
  "total_tokens": 437577,
  "total_cost": 0.05690789999999996,
  "runs": 1693,
  "last_run": "2026-01-17T22:42:18.570284"
}