{
  "total_tldrs": 153,
  "total_tokens": 444978,
  "total_cost": 0.05786159999999996,
  "runs": 1715,
  "last_run": "2026-01-18T05:41:21.636175"
}