{
  "total_tldrs": 332,
  "total_tokens": 1028655,
  "total_cost": 0.13253849999999992,
  "runs": 9595,
  "last_run": "2026-05-22T14:33:23.450062"
}