{
  "total_tldrs": 332,
  "total_tokens": 1028655,
  "total_cost": 0.13253849999999992,
  "runs": 9324,
  "last_run": "2026-05-14T01:47:48.162183"
}