{
  "total_tldrs": 205,
  "total_tokens": 667966,
  "total_cost": 0.08707959999999985,
  "runs": 2784,
  "last_run": "2026-01-28T14:34:21.608622"
}