{
  "total_tldrs": 105,
  "total_tokens": 269673,
  "total_cost": 0.03513779999999999,
  "runs": 773,
  "last_run": "2026-01-09T22:09:39.152688"
}