{
  "total_tldrs": 332,
  "total_tokens": 1028655,
  "total_cost": 0.13253849999999992,
  "runs": 7259,
  "last_run": "2026-04-01T01:41:44.042750"
}