{
  "total_tldrs": 173,
  "total_tokens": 521506,
  "total_cost": 0.06797679999999992,
  "runs": 2105,
  "last_run": "2026-01-22T03:17:15.063701"
}