{
  "total_tldrs": 319,
  "total_tokens": 984972,
  "total_cost": 0.12723899999999985,
  "runs": 4797,
  "last_run": "2026-02-25T14:38:12.980922"
}