{
  "total_tldrs": 275,
  "total_tokens": 865736,
  "total_cost": 0.11243809999999986,
  "runs": 3809,
  "last_run": "2026-02-11T17:01:28.516469"
}