{
  "total_tldrs": 317,
  "total_tokens": 982801,
  "total_cost": 0.12694659999999985,
  "runs": 4776,
  "last_run": "2026-02-25T06:41:15.426105"
}