{
  "total_tldrs": 332,
  "total_tokens": 1028655,
  "total_cost": 0.13253849999999992,
  "runs": 7554,
  "last_run": "2026-04-05T18:37:47.514752"
}