{
  "total_tldrs": 332,
  "total_tokens": 1028655,
  "total_cost": 0.13253849999999992,
  "runs": 7082,
  "last_run": "2026-03-29T01:04:17.110130"
}