{
  "total_tldrs": 332,
  "total_tokens": 1028655,
  "total_cost": 0.13253849999999992,
  "runs": 5376,
  "last_run": "2026-03-04T23:55:28.120260"
}