{
  "total_tldrs": 92,
  "total_tokens": 233892,
  "total_cost": 0.030440099999999998,
  "runs": 604,
  "last_run": "2026-01-08T10:25:09.704515"
}