{
  "total_tldrs": 332,
  "total_tokens": 1028655,
  "total_cost": 0.13253849999999992,
  "runs": 7832,
  "last_run": "2026-04-10T23:54:48.068712"
}