{
  "total_tldrs": 332,
  "total_tokens": 1028655,
  "total_cost": 0.13253849999999992,
  "runs": 9629,
  "last_run": "2026-05-23T14:44:16.209357"
}