{
  "total_tldrs": 332,
  "total_tokens": 1028655,
  "total_cost": 0.13253849999999992,
  "runs": 8818,
  "last_run": "2026-05-01T07:38:09.836953"
}