{
  "total_tldrs": 332,
  "total_tokens": 1028655,
  "total_cost": 0.13253849999999992,
  "runs": 7605,
  "last_run": "2026-04-06T16:08:57.469431"
}