{
  "total_tldrs": 332,
  "total_tokens": 1028655,
  "total_cost": 0.13253849999999992,
  "runs": 9758,
  "last_run": "2026-05-27T18:36:26.551199"
}