{
  "total_tldrs": 300,
  "total_tokens": 935376,
  "total_cost": 0.12108899999999988,
  "runs": 4340,
  "last_run": "2026-02-19T08:03:55.615022"
}