{
  "total_tldrs": 246,
  "total_tokens": 784537,
  "total_cost": 0.10238499999999988,
  "runs": 3454,
  "last_run": "2026-02-06T12:43:58.547337"
}