{
  "total_tldrs": 185,
  "total_tokens": 564482,
  "total_cost": 0.07350649999999992,
  "runs": 2280,
  "last_run": "2026-01-23T21:07:52.491920"
}