{
  "total_tldrs": 332,
  "total_tokens": 1028655,
  "total_cost": 0.13253849999999992,
  "runs": 8893,
  "last_run": "2026-05-02T19:18:22.046596"
}