{
  "total_tldrs": 332,
  "total_tokens": 1028655,
  "total_cost": 0.13253849999999992,
  "runs": 7894,
  "last_run": "2026-04-11T21:32:18.917266"
}