{
  "total_tldrs": 332,
  "total_tokens": 1028655,
  "total_cost": 0.13253849999999992,
  "runs": 8914,
  "last_run": "2026-05-03T06:36:35.887802"
}