{
  "total_tldrs": 186,
  "total_tokens": 574780,
  "total_cost": 0.0748458999999999,
  "runs": 2339,
  "last_run": "2026-01-24T10:03:43.876529"
}