{
  "total_tldrs": 332,
  "total_tokens": 1028655,
  "total_cost": 0.13253849999999992,
  "runs": 7610,
  "last_run": "2026-04-06T17:52:56.856337"
}