{
  "total_tldrs": 149,
  "total_tokens": 426407,
  "total_cost": 0.05543149999999995,
  "runs": 1633,
  "last_run": "2026-01-17T13:31:20.965021"
}