{
  "total_tldrs": 192,
  "total_tokens": 595650,
  "total_cost": 0.07756859999999989,
  "runs": 2454,
  "last_run": "2026-01-25T09:01:37.065969"
}