{
  "total_tldrs": 332,
  "total_tokens": 1028655,
  "total_cost": 0.13253849999999992,
  "runs": 6420,
  "last_run": "2026-03-19T11:38:20.550055"
}