{
  "total_tldrs": 332,
  "total_tokens": 1028655,
  "total_cost": 0.13253849999999992,
  "runs": 9620,
  "last_run": "2026-05-23T09:14:14.800698"
}