{
  "total_tldrs": 332,
  "total_tokens": 1028655,
  "total_cost": 0.13253849999999992,
  "runs": 8004,
  "last_run": "2026-04-13T21:31:55.955106"
}