{
  "total_tldrs": 192,
  "total_tokens": 592049,
  "total_cost": 0.07716709999999989,
  "runs": 2427,
  "last_run": "2026-01-25T01:17:03.709060"
}