{
  "total_tldrs": 267,
  "total_tokens": 833068,
  "total_cost": 0.10854729999999986,
  "runs": 3712,
  "last_run": "2026-02-09T20:46:23.846267"
}