{
  "total_tldrs": 332,
  "total_tokens": 1028655,
  "total_cost": 0.13253849999999992,
  "runs": 7194,
  "last_run": "2026-03-30T21:24:26.826945"
}