{
  "total_tldrs": 332,
  "total_tokens": 1028655,
  "total_cost": 0.13253849999999992,
  "runs": 7107,
  "last_run": "2026-03-29T11:45:41.532686"
}