{
  "total_tldrs": 326,
  "total_tokens": 1013214,
  "total_cost": 0.1306247999999999,
  "runs": 4980,
  "last_run": "2026-02-28T07:06:37.829766"
}