{
  "total_tldrs": 296,
  "total_tokens": 925163,
  "total_cost": 0.11979379999999987,
  "runs": 4272,
  "last_run": "2026-02-18T04:58:31.122804"
}