{
  "total_tldrs": 124,
  "total_tokens": 350879,
  "total_cost": 0.045694999999999965,
  "runs": 1224,
  "last_run": "2026-01-13T20:00:51.164575"
}