{
  "total_tldrs": 118,
  "total_tokens": 327803,
  "total_cost": 0.04267939999999997,
  "runs": 1113,
  "last_run": "2026-01-12T19:23:44.093174"
}