{
  "total_tldrs": 332,
  "total_tokens": 1028655,
  "total_cost": 0.13253849999999992,
  "runs": 5980,
  "last_run": "2026-03-12T23:28:08.331884"
}