{
  "total_tldrs": 119,
  "total_tokens": 334867,
  "total_cost": 0.04356429999999997,
  "runs": 1157,
  "last_run": "2026-01-13T05:52:08.925589"
}