{
  "total_tldrs": 332,
  "total_tokens": 1028655,
  "total_cost": 0.13253849999999992,
  "runs": 8793,
  "last_run": "2026-04-30T15:49:46.168783"
}