{
  "total_tldrs": 332,
  "total_tokens": 1028655,
  "total_cost": 0.13253849999999992,
  "runs": 9397,
  "last_run": "2026-05-16T08:26:16.296540"
}