{
  "total_tldrs": 112,
  "total_tokens": 294031,
  "total_cost": 0.03830139999999997,
  "runs": 1031,
  "last_run": "2026-01-11T22:48:27.707010"
}