{
  "total_tldrs": 328,
  "total_tokens": 1017927,
  "total_cost": 0.13124819999999993,
  "runs": 5048,
  "last_run": "2026-02-28T19:54:51.505590"
}