{
  "total_tldrs": 332,
  "total_tokens": 1028655,
  "total_cost": 0.13253849999999992,
  "runs": 5549,
  "last_run": "2026-03-07T11:55:41.133467"
}