{
  "total_tldrs": 332,
  "total_tokens": 1028655,
  "total_cost": 0.13253849999999992,
  "runs": 5585,
  "last_run": "2026-03-07T19:33:09.363901"
}