{
  "total_tldrs": 217,
  "total_tokens": 723597,
  "total_cost": 0.09449789999999987,
  "runs": 2962,
  "last_run": "2026-01-30T20:27:02.922743"
}