{
  "total_tldrs": 332,
  "total_tokens": 1028655,
  "total_cost": 0.13253849999999992,
  "runs": 5625,
  "last_run": "2026-03-08T07:03:29.113442"
}