{
  "total_tldrs": 147,
  "total_tokens": 423893,
  "total_cost": 0.055094899999999954,
  "runs": 1622,
  "last_run": "2026-01-17T11:18:02.809193"
}