{
  "total_tldrs": 178,
  "total_tokens": 539733,
  "total_cost": 0.07034909999999991,
  "runs": 2170,
  "last_run": "2026-01-22T19:47:50.651879"
}