{
  "total_tldrs": 139,
  "total_tokens": 398463,
  "total_cost": 0.05173319999999996,
  "runs": 1487,
  "last_run": "2026-01-16T07:55:02.627521"
}