{
  "total_tldrs": 332,
  "total_tokens": 1028655,
  "total_cost": 0.13253849999999992,
  "runs": 8016,
  "last_run": "2026-04-14T03:51:46.049181"
}