{
  "total_tldrs": 170,
  "total_tokens": 511307,
  "total_cost": 0.06663319999999992,
  "runs": 2071,
  "last_run": "2026-01-21T16:59:51.500184"
}