{
  "total_tldrs": 332,
  "total_tokens": 1028655,
  "total_cost": 0.13253849999999992,
  "runs": 9439,
  "last_run": "2026-05-17T04:47:36.818070"
}