{
  "total_tldrs": 332,
  "total_tokens": 1028655,
  "total_cost": 0.13253849999999992,
  "runs": 9689,
  "last_run": "2026-05-24T22:49:42.197514"
}