{
  "total_tldrs": 161,
  "total_tokens": 496042,
  "total_cost": 0.06462879999999994,
  "runs": 2023,
  "last_run": "2026-01-21T05:07:05.021050"
}