{
  "total_tldrs": 228,
  "total_tokens": 746087,
  "total_cost": 0.09750949999999986,
  "runs": 3081,
  "last_run": "2026-02-01T01:33:21.412451"
}