{
  "total_tldrs": 318,
  "total_tokens": 983789,
  "total_cost": 0.12707869999999985,
  "runs": 4779,
  "last_run": "2026-02-25T07:56:40.078979"
}