{
  "total_tldrs": 132,
  "total_tokens": 375815,
  "total_cost": 0.04884889999999995,
  "runs": 1414,
  "last_run": "2026-01-15T15:12:08.509684"
}