{
  "total_tldrs": 270,
  "total_tokens": 842296,
  "total_cost": 0.10964919999999984,
  "runs": 3776,
  "last_run": "2026-02-11T00:59:30.921601"
}