{
  "total_tldrs": 325,
  "total_tokens": 1005228,
  "total_cost": 0.12972479999999992,
  "runs": 4966,
  "last_run": "2026-02-28T01:17:55.105223"
}