{
  "total_tldrs": 331,
  "total_tokens": 1024394,
  "total_cost": 0.1320553999999999,
  "runs": 5149,
  "last_run": "2026-03-01T20:31:51.791324"
}