{
  "total_tldrs": 332,
  "total_tokens": 1028655,
  "total_cost": 0.13253849999999992,
  "runs": 5551,
  "last_run": "2026-03-07T12:18:12.353229"
}