{
  "total_tldrs": 332,
  "total_tokens": 1028655,
  "total_cost": 0.13253849999999992,
  "runs": 7711,
  "last_run": "2026-04-08T17:18:41.930770"
}