{
  "total_tldrs": 332,
  "total_tokens": 1028655,
  "total_cost": 0.13253849999999992,
  "runs": 7159,
  "last_run": "2026-03-30T04:42:50.284282"
}