{
  "total_tldrs": 332,
  "total_tokens": 1028655,
  "total_cost": 0.13253849999999992,
  "runs": 5361,
  "last_run": "2026-03-04T20:21:51.650888"
}