{
  "total_tldrs": 192,
  "total_tokens": 596944,
  "total_cost": 0.07774029999999989,
  "runs": 2470,
  "last_run": "2026-01-25T11:38:21.207615"
}