{
  "total_tldrs": 332,
  "total_tokens": 1028655,
  "total_cost": 0.13253849999999992,
  "runs": 8926,
  "last_run": "2026-05-03T12:29:49.047702"
}