{
  "total_tldrs": 332,
  "total_tokens": 1028655,
  "total_cost": 0.13253849999999992,
  "runs": 9478,
  "last_run": "2026-05-18T00:12:14.887880"
}