{
  "total_tldrs": 332,
  "total_tokens": 1028655,
  "total_cost": 0.13253849999999992,
  "runs": 7229,
  "last_run": "2026-03-31T14:24:50.524873"
}