{
  "total_tldrs": 286,
  "total_tokens": 902297,
  "total_cost": 0.11686159999999983,
  "runs": 3996,
  "last_run": "2026-02-14T12:34:11.891886"
}