{
  "total_tldrs": 110,
  "total_tokens": 285470,
  "total_cost": 0.03720229999999998,
  "runs": 930,
  "last_run": "2026-01-11T05:56:16.440825"
}