{
  "total_tldrs": 332,
  "total_tokens": 1028655,
  "total_cost": 0.13253849999999992,
  "runs": 6032,
  "last_run": "2026-03-13T18:38:38.052845"
}