{
  "total_tldrs": 332,
  "total_tokens": 1028655,
  "total_cost": 0.13253849999999992,
  "runs": 6835,
  "last_run": "2026-03-25T04:48:39.055362"
}