{
  "total_tldrs": 332,
  "total_tokens": 1028655,
  "total_cost": 0.13253849999999992,
  "runs": 7081,
  "last_run": "2026-03-29T00:35:00.723736"
}