{
  "total_tldrs": 273,
  "total_tokens": 852804,
  "total_cost": 0.11090009999999985,
  "runs": 3788,
  "last_run": "2026-02-11T08:23:36.055986"
}