{
  "total_tldrs": 332,
  "total_tokens": 1028655,
  "total_cost": 0.13253849999999992,
  "runs": 7684,
  "last_run": "2026-04-08T02:32:54.198526"
}