{
  "total_tldrs": 225,
  "total_tokens": 740411,
  "total_cost": 0.09673609999999987,
  "runs": 3040,
  "last_run": "2026-01-31T16:47:48.216577"
}