{
  "total_tldrs": 332,
  "total_tokens": 1028655,
  "total_cost": 0.13253849999999992,
  "runs": 8420,
  "last_run": "2026-04-22T03:50:19.114235"
}