{
  "total_tldrs": 273,
  "total_tokens": 854903,
  "total_cost": 0.11112949999999985,
  "runs": 3794,
  "last_run": "2026-02-11T10:35:09.024118"
}