{
  "total_tldrs": 316,
  "total_tokens": 981022,
  "total_cost": 0.12666189999999986,
  "runs": 4743,
  "last_run": "2026-02-24T17:09:04.884586"
}