{
  "total_tldrs": 308,
  "total_tokens": 964121,
  "total_cost": 0.12457789999999985,
  "runs": 4509,
  "last_run": "2026-02-21T14:42:06.016882"
}