{
  "total_tldrs": 175,
  "total_tokens": 528470,
  "total_cost": 0.06888499999999992,
  "runs": 2122,
  "last_run": "2026-01-22T07:59:40.262274"
}