{
  "total_tldrs": 205,
  "total_tokens": 666474,
  "total_cost": 0.08687399999999985,
  "runs": 2775,
  "last_run": "2026-01-28T11:54:12.894374"
}