{
  "total_tldrs": 325,
  "total_tokens": 1004398,
  "total_cost": 0.1296270999999999,
  "runs": 4962,
  "last_run": "2026-02-27T23:47:08.310720"
}