{
  "total_tldrs": 113,
  "total_tokens": 294935,
  "total_cost": 0.03842269999999997,
  "runs": 1032,
  "last_run": "2026-01-11T22:55:22.158364"
}