{
  "total_tldrs": 332,
  "total_tokens": 1028655,
  "total_cost": 0.13253849999999992,
  "runs": 7846,
  "last_run": "2026-04-11T08:04:40.355809"
}