{
  "total_tldrs": 332,
  "total_tokens": 1028655,
  "total_cost": 0.13253849999999992,
  "runs": 8918,
  "last_run": "2026-05-03T09:25:29.675220"
}