{
  "total_tldrs": 273,
  "total_tokens": 857102,
  "total_cost": 0.11137279999999986,
  "runs": 3804,
  "last_run": "2026-02-11T14:54:51.357277"
}