{
  "total_tldrs": 332,
  "total_tokens": 1028655,
  "total_cost": 0.13253849999999992,
  "runs": 8925,
  "last_run": "2026-05-03T11:59:08.821101"
}