{
  "total_tldrs": 211,
  "total_tokens": 692996,
  "total_cost": 0.09041629999999988,
  "runs": 2834,
  "last_run": "2026-01-29T04:30:35.108862"
}