{
  "total_tldrs": 258,
  "total_tokens": 819081,
  "total_cost": 0.10669589999999986,
  "runs": 3631,
  "last_run": "2026-02-08T15:48:29.548685"
}