{
  "total_tldrs": 332,
  "total_tokens": 1028655,
  "total_cost": 0.13253849999999992,
  "runs": 8235,
  "last_run": "2026-04-18T16:42:05.363329"
}