{
  "total_tldrs": 332,
  "total_tokens": 1028655,
  "total_cost": 0.13253849999999992,
  "runs": 5343,
  "last_run": "2026-03-04T14:40:44.262444"
}