{
  "total_tldrs": 90,
  "total_tokens": 231040,
  "total_cost": 0.030069099999999998,
  "runs": 580,
  "last_run": "2026-01-08T05:27:19.531866"
}