{
  "total_tldrs": 332,
  "total_tokens": 1028655,
  "total_cost": 0.13253849999999992,
  "runs": 6213,
  "last_run": "2026-03-15T21:55:46.871629"
}