{
  "total_tldrs": 332,
  "total_tokens": 1028655,
  "total_cost": 0.13253849999999992,
  "runs": 8616,
  "last_run": "2026-04-26T06:48:57.421238"
}