{
  "total_tldrs": 332,
  "total_tokens": 1028655,
  "total_cost": 0.13253849999999992,
  "runs": 9826,
  "last_run": "2026-06-15T00:31:06.649905"
}