{
  "total_tldrs": 331,
  "total_tokens": 1026126,
  "total_cost": 0.13223819999999992,
  "runs": 5178,
  "last_run": "2026-03-02T05:37:59.365260"
}