{
  "total_tldrs": 97,
  "total_tokens": 250687,
  "total_cost": 0.03261249999999999,
  "runs": 657,
  "last_run": "2026-01-08T21:08:03.947044"
}