{
  "total_tldrs": 128,
  "total_tokens": 366424,
  "total_cost": 0.04766499999999996,
  "runs": 1365,
  "last_run": "2026-01-15T05:15:28.844117"
}