{
  "total_tldrs": 118,
  "total_tokens": 326227,
  "total_cost": 0.04247199999999997,
  "runs": 1103,
  "last_run": "2026-01-12T17:25:08.316118"
}