{
  "total_tldrs": 175,
  "total_tokens": 526883,
  "total_cost": 0.06867139999999992,
  "runs": 2112,
  "last_run": "2026-01-22T05:47:27.860706"
}