{
  "total_tldrs": 174,
  "total_tokens": 522992,
  "total_cost": 0.06815959999999992,
  "runs": 2107,
  "last_run": "2026-01-22T04:21:49.460299"
}