{
  "total_tldrs": 332,
  "total_tokens": 1028655,
  "total_cost": 0.13253849999999992,
  "runs": 7639,
  "last_run": "2026-04-07T06:42:48.818401"
}