{
  "total_tldrs": 332,
  "total_tokens": 1028655,
  "total_cost": 0.13253849999999992,
  "runs": 7659,
  "last_run": "2026-04-07T16:19:11.176574"
}