{
  "total_tldrs": 307,
  "total_tokens": 956813,
  "total_cost": 0.12376069999999986,
  "runs": 4450,
  "last_run": "2026-02-20T21:38:58.715878"
}