{
  "total_tldrs": 332,
  "total_tokens": 1028655,
  "total_cost": 0.13253849999999992,
  "runs": 5866,
  "last_run": "2026-03-11T09:23:25.829704"
}