{
  "total_tldrs": 320,
  "total_tokens": 986766,
  "total_cost": 0.12745439999999986,
  "runs": 4805,
  "last_run": "2026-02-25T18:06:09.523422"
}