{
  "total_tldrs": 303,
  "total_tokens": 942171,
  "total_cost": 0.12193589999999987,
  "runs": 4396,
  "last_run": "2026-02-20T04:48:03.293981"
}