{
  "total_tldrs": 152,
  "total_tokens": 432047,
  "total_cost": 0.05617999999999996,
  "runs": 1675,
  "last_run": "2026-01-17T19:56:02.390091"
}