{
  "total_tldrs": 263,
  "total_tokens": 826939,
  "total_cost": 0.10770219999999986,
  "runs": 3678,
  "last_run": "2026-02-09T06:14:55.594900"
}