{
  "total_tldrs": 192,
  "total_tokens": 595650,
  "total_cost": 0.07756859999999989,
  "runs": 2447,
  "last_run": "2026-01-25T07:50:19.491130"
}