{
  "total_tldrs": 332,
  "total_tokens": 1028655,
  "total_cost": 0.13253849999999992,
  "runs": 9174,
  "last_run": "2026-05-09T20:03:12.366805"
}