{
  "total_tldrs": 194,
  "total_tokens": 601975,
  "total_cost": 0.07845609999999989,
  "runs": 2514,
  "last_run": "2026-01-25T19:33:11.418541"
}