{
  "total_tldrs": 305,
  "total_tokens": 948166,
  "total_cost": 0.12268989999999987,
  "runs": 4437,
  "last_run": "2026-02-20T18:18:51.363350"
}