{
  "total_tldrs": 332,
  "total_tokens": 1028655,
  "total_cost": 0.13253849999999992,
  "runs": 9084,
  "last_run": "2026-05-07T18:55:47.757285"
}