{
  "total_tldrs": 332,
  "total_tokens": 1028655,
  "total_cost": 0.13253849999999992,
  "runs": 7877,
  "last_run": "2026-04-11T17:06:41.440670"
}