{
  "total_tldrs": 189,
  "total_tokens": 581587,
  "total_cost": 0.0757524999999999,
  "runs": 2372,
  "last_run": "2026-01-24T15:50:43.115622"
}