{
  "total_tldrs": 332,
  "total_tokens": 1028655,
  "total_cost": 0.13253849999999992,
  "runs": 8017,
  "last_run": "2026-04-14T04:51:30.149249"
}