{
  "total_tldrs": 332,
  "total_tokens": 1028655,
  "total_cost": 0.13253849999999992,
  "runs": 7608,
  "last_run": "2026-04-06T17:11:00.663730"
}