{
  "total_tldrs": 325,
  "total_tokens": 1004398,
  "total_cost": 0.1296270999999999,
  "runs": 4964,
  "last_run": "2026-02-28T00:14:39.984575"
}