{
  "total_tldrs": 332,
  "total_tokens": 1028655,
  "total_cost": 0.13253849999999992,
  "runs": 6892,
  "last_run": "2026-03-26T04:24:24.488698"
}