{
  "total_tldrs": 204,
  "total_tokens": 658839,
  "total_cost": 0.08589089999999984,
  "runs": 2738,
  "last_run": "2026-01-28T02:00:16.626550"
}