{
  "total_tldrs": 294,
  "total_tokens": 919909,
  "total_cost": 0.11909769999999986,
  "runs": 4239,
  "last_run": "2026-02-17T16:01:56.793350"
}