{
  "total_tldrs": 332,
  "total_tokens": 1028655,
  "total_cost": 0.13253849999999992,
  "runs": 7160,
  "last_run": "2026-03-30T05:33:39.406819"
}