{
  "total_tldrs": 236,
  "total_tokens": 765826,
  "total_cost": 0.09996279999999988,
  "runs": 3314,
  "last_run": "2026-02-04T11:50:27.806066"
}