{
  "total_tldrs": 311,
  "total_tokens": 969610,
  "total_cost": 0.12526629999999986,
  "runs": 4634,
  "last_run": "2026-02-22T21:34:02.982954"
}