{
  "total_tldrs": 291,
  "total_tokens": 913387,
  "total_cost": 0.11825829999999984,
  "runs": 4166,
  "last_run": "2026-02-16T13:56:57.677617"
}