{
  "total_tldrs": 127,
  "total_tokens": 360648,
  "total_cost": 0.046947299999999956,
  "runs": 1333,
  "last_run": "2026-01-14T20:49:40.808258"
}