{
  "total_tldrs": 156,
  "total_tokens": 461401,
  "total_cost": 0.06007209999999996,
  "runs": 1870,
  "last_run": "2026-01-19T14:12:49.919780"
}