{
  "total_tldrs": 248,
  "total_tokens": 790428,
  "total_cost": 0.10316249999999987,
  "runs": 3466,
  "last_run": "2026-02-06T17:02:45.526836"
}