{
  "total_tldrs": 332,
  "total_tokens": 1028655,
  "total_cost": 0.13253849999999992,
  "runs": 6173,
  "last_run": "2026-03-15T12:18:18.674097"
}