{
  "total_tldrs": 332,
  "total_tokens": 1028655,
  "total_cost": 0.13253849999999992,
  "runs": 6428,
  "last_run": "2026-03-19T14:34:08.552695"
}