{
  "total_tldrs": 332,
  "total_tokens": 1028655,
  "total_cost": 0.13253849999999992,
  "runs": 7165,
  "last_run": "2026-03-30T08:46:57.293956"
}