{
  "total_tldrs": 332,
  "total_tokens": 1028655,
  "total_cost": 0.13253849999999992,
  "runs": 6888,
  "last_run": "2026-03-26T00:54:44.948405"
}