{
  "total_tldrs": 332,
  "total_tokens": 1028655,
  "total_cost": 0.13253849999999992,
  "runs": 7305,
  "last_run": "2026-04-01T23:26:44.768474"
}