{
  "total_tldrs": 332,
  "total_tokens": 1028655,
  "total_cost": 0.13253849999999992,
  "runs": 5893,
  "last_run": "2026-03-11T18:50:18.405515"
}