{
  "total_tldrs": 332,
  "total_tokens": 1028655,
  "total_cost": 0.13253849999999992,
  "runs": 8710,
  "last_run": "2026-04-28T06:30:00.385264"
}