{
  "total_tldrs": 332,
  "total_tokens": 1028655,
  "total_cost": 0.13253849999999992,
  "runs": 8834,
  "last_run": "2026-05-01T15:51:36.662378"
}