{
  "total_tldrs": 332,
  "total_tokens": 1028655,
  "total_cost": 0.13253849999999992,
  "runs": 5811,
  "last_run": "2026-03-10T14:06:37.127153"
}