{
  "total_tldrs": 328,
  "total_tokens": 1017927,
  "total_cost": 0.13124819999999993,
  "runs": 5068,
  "last_run": "2026-02-28T23:22:08.386478"
}