{
  "total_tldrs": 332,
  "total_tokens": 1028655,
  "total_cost": 0.13253849999999992,
  "runs": 6869,
  "last_run": "2026-03-25T18:59:03.144164"
}