{
  "total_tldrs": 161,
  "total_tokens": 491918,
  "total_cost": 0.06411169999999995,
  "runs": 2016,
  "last_run": "2026-01-21T01:51:56.205353"
}