{
  "total_tldrs": 95,
  "total_tokens": 241091,
  "total_cost": 0.0313937,
  "runs": 625,
  "last_run": "2026-01-08T15:02:37.248308"
}