{
  "total_tldrs": 188,
  "total_tokens": 578450,
  "total_cost": 0.0753646999999999,
  "runs": 2364,
  "last_run": "2026-01-24T14:40:01.270242"
}