{
  "total_tldrs": 310,
  "total_tokens": 967068,
  "total_cost": 0.12497069999999985,
  "runs": 4532,
  "last_run": "2026-02-21T19:31:14.979001"
}