{
  "total_tldrs": 131,
  "total_tokens": 372754,
  "total_cost": 0.048465999999999954,
  "runs": 1396,
  "last_run": "2026-01-15T11:09:44.778104"
}