{
  "total_tldrs": 281,
  "total_tokens": 892247,
  "total_cost": 0.11562889999999984,
  "runs": 3903,
  "last_run": "2026-02-13T06:32:45.658394"
}