{
  "total_tldrs": 268,
  "total_tokens": 840577,
  "total_cost": 0.10941669999999984,
  "runs": 3764,
  "last_run": "2026-02-10T20:40:58.666972"
}