{
  "total_tldrs": 332,
  "total_tokens": 1028655,
  "total_cost": 0.13253849999999992,
  "runs": 5798,
  "last_run": "2026-03-10T09:42:17.598411"
}