{
  "total_tldrs": 332,
  "total_tokens": 1028655,
  "total_cost": 0.13253849999999992,
  "runs": 5923,
  "last_run": "2026-03-12T05:31:29.543497"
}