{
  "total_tldrs": 267,
  "total_tokens": 839369,
  "total_cost": 0.10923199999999984,
  "runs": 3739,
  "last_run": "2026-02-10T09:39:32.981786"
}