{
  "total_tldrs": 332,
  "total_tokens": 1028655,
  "total_cost": 0.13253849999999992,
  "runs": 7811,
  "last_run": "2026-04-10T17:42:44.052287"
}