{
  "total_tldrs": 332,
  "total_tokens": 1028655,
  "total_cost": 0.13253849999999992,
  "runs": 8433,
  "last_run": "2026-04-22T12:00:47.091867"
}