{
  "total_tldrs": 285,
  "total_tokens": 901458,
  "total_cost": 0.11675069999999983,
  "runs": 3975,
  "last_run": "2026-02-14T08:00:22.114062"
}