{
  "total_tldrs": 332,
  "total_tokens": 1028655,
  "total_cost": 0.13253849999999992,
  "runs": 8819,
  "last_run": "2026-05-01T08:24:39.337417"
}