{
  "total_tldrs": 128,
  "total_tokens": 365260,
  "total_cost": 0.04751139999999996,
  "runs": 1359,
  "last_run": "2026-01-15T03:48:44.485703"
}