{
  "total_tldrs": 332,
  "total_tokens": 1028655,
  "total_cost": 0.13253849999999992,
  "runs": 9827,
  "last_run": "2026-06-21T09:51:45.760946+00:00"
}