{
  "total_tldrs": 105,
  "total_tokens": 268303,
  "total_cost": 0.034983699999999986,
  "runs": 757,
  "last_run": "2026-01-09T19:40:47.875925"
}