{
  "total_tldrs": 303,
  "total_tokens": 940561,
  "total_cost": 0.12175719999999987,
  "runs": 4393,
  "last_run": "2026-02-20T02:19:57.291991"
}