{
  "total_tldrs": 198,
  "total_tokens": 633942,
  "total_cost": 0.08264699999999987,
  "runs": 2685,
  "last_run": "2026-01-27T14:01:23.731646"
}