{
  "total_tldrs": 332,
  "total_tokens": 1028655,
  "total_cost": 0.13253849999999992,
  "runs": 8149,
  "last_run": "2026-04-17T02:40:18.466394"
}