{
  "total_tldrs": 218,
  "total_tokens": 730998,
  "total_cost": 0.09550259999999988,
  "runs": 2980,
  "last_run": "2026-01-30T23:59:14.415018"
}