{
  "total_tldrs": 270,
  "total_tokens": 843928,
  "total_cost": 0.10982439999999984,
  "runs": 3783,
  "last_run": "2026-02-11T06:16:10.819672"
}