{
  "total_tldrs": 332,
  "total_tokens": 1028655,
  "total_cost": 0.13253849999999992,
  "runs": 6527,
  "last_run": "2026-03-20T23:14:39.350494"
}