{
  "total_tldrs": 331,
  "total_tokens": 1024394,
  "total_cost": 0.1320553999999999,
  "runs": 5155,
  "last_run": "2026-03-01T21:35:49.252353"
}