{
  "total_tldrs": 304,
  "total_tokens": 943135,
  "total_cost": 0.12206649999999987,
  "runs": 4415,
  "last_run": "2026-02-20T11:14:44.645198"
}