{
  "total_tldrs": 97,
  "total_tokens": 250687,
  "total_cost": 0.03261249999999999,
  "runs": 655,
  "last_run": "2026-01-08T20:56:05.137693"
}