{
  "total_tldrs": 332,
  "total_tokens": 1028655,
  "total_cost": 0.13253849999999992,
  "runs": 8844,
  "last_run": "2026-05-01T20:08:08.590004"
}