{
  "total_tldrs": 214,
  "total_tokens": 714879,
  "total_cost": 0.09333359999999988,
  "runs": 2936,
  "last_run": "2026-01-30T12:57:57.427495"
}