{
  "total_tldrs": 326,
  "total_tokens": 1010140,
  "total_cost": 0.1302906999999999,
  "runs": 4973,
  "last_run": "2026-02-28T05:19:20.420297"
}