{
  "total_tldrs": 332,
  "total_tokens": 1028655,
  "total_cost": 0.13253849999999992,
  "runs": 7557,
  "last_run": "2026-04-05T19:36:15.237134"
}