{
  "total_tldrs": 332,
  "total_tokens": 1028655,
  "total_cost": 0.13253849999999992,
  "runs": 9561,
  "last_run": "2026-05-21T06:22:42.773155"
}