{
  "total_tldrs": 300,
  "total_tokens": 935376,
  "total_cost": 0.12108899999999988,
  "runs": 4334,
  "last_run": "2026-02-19T05:39:39.009295"
}