{
  "total_tldrs": 144,
  "total_tokens": 419394,
  "total_cost": 0.054485399999999955,
  "runs": 1579,
  "last_run": "2026-01-17T03:39:18.463279"
}