{
  "total_tldrs": 332,
  "total_tokens": 1028655,
  "total_cost": 0.13253849999999992,
  "runs": 5281,
  "last_run": "2026-03-03T17:29:01.046307"
}