{
  "total_tldrs": 308,
  "total_tokens": 963310,
  "total_cost": 0.12449259999999986,
  "runs": 4492,
  "last_run": "2026-02-21T10:44:23.131098"
}