{
  "total_tldrs": 175,
  "total_tokens": 528470,
  "total_cost": 0.06888499999999992,
  "runs": 2120,
  "last_run": "2026-01-22T07:42:55.888340"
}