{
  "total_tldrs": 195,
  "total_tokens": 606145,
  "total_cost": 0.07902069999999987,
  "runs": 2533,
  "last_run": "2026-01-25T22:24:30.278810"
}