{
  "total_tldrs": 332,
  "total_tokens": 1028655,
  "total_cost": 0.13253849999999992,
  "runs": 7461,
  "last_run": "2026-04-04T13:19:27.200343"
}