{
  "total_tldrs": 331,
  "total_tokens": 1026126,
  "total_cost": 0.13223819999999992,
  "runs": 5211,
  "last_run": "2026-03-02T17:03:38.092959"
}