{
  "total_tldrs": 332,
  "total_tokens": 1028655,
  "total_cost": 0.13253849999999992,
  "runs": 5483,
  "last_run": "2026-03-06T17:53:24.064225"
}