{
  "total_tldrs": 332,
  "total_tokens": 1028655,
  "total_cost": 0.13253849999999992,
  "runs": 6468,
  "last_run": "2026-03-20T06:01:07.275057"
}