{
  "total_tldrs": 332,
  "total_tokens": 1028655,
  "total_cost": 0.13253849999999992,
  "runs": 9798,
  "last_run": "2026-05-29T10:24:35.156195"
}