{
  "total_tldrs": 332,
  "total_tokens": 1028655,
  "total_cost": 0.13253849999999992,
  "runs": 8930,
  "last_run": "2026-05-03T14:19:46.177973"
}