{
  "total_tldrs": 332,
  "total_tokens": 1028655,
  "total_cost": 0.13253849999999992,
  "runs": 9264,
  "last_run": "2026-05-12T01:52:17.112539"
}