{
  "total_tldrs": 314,
  "total_tokens": 977764,
  "total_cost": 0.12627279999999985,
  "runs": 4707,
  "last_run": "2026-02-24T00:48:38.198638"
}