{
  "total_tldrs": 332,
  "total_tokens": 1028655,
  "total_cost": 0.13253849999999992,
  "runs": 7324,
  "last_run": "2026-04-02T10:15:40.387875"
}