{
  "total_tldrs": 213,
  "total_tokens": 709008,
  "total_cost": 0.09255149999999987,
  "runs": 2928,
  "last_run": "2026-01-30T10:54:14.229786"
}