{
  "total_tldrs": 299,
  "total_tokens": 931753,
  "total_cost": 0.12067719999999987,
  "runs": 4314,
  "last_run": "2026-02-18T21:00:14.039191"
}