{
  "total_tldrs": 114,
  "total_tokens": 306780,
  "total_cost": 0.039931799999999976,
  "runs": 1045,
  "last_run": "2026-01-12T03:51:44.763837"
}