{
  "total_tldrs": 131,
  "total_tokens": 372754,
  "total_cost": 0.048465999999999954,
  "runs": 1392,
  "last_run": "2026-01-15T10:23:56.936915"
}