{
  "total_tldrs": 330,
  "total_tokens": 1022456,
  "total_cost": 0.1318228999999999,
  "runs": 5119,
  "last_run": "2026-03-01T14:49:09.024716"
}