{
  "total_tldrs": 332,
  "total_tokens": 1028655,
  "total_cost": 0.13253849999999992,
  "runs": 9746,
  "last_run": "2026-05-27T02:12:11.022299"
}