{
  "total_tldrs": 121,
  "total_tokens": 342465,
  "total_cost": 0.04454819999999997,
  "runs": 1193,
  "last_run": "2026-01-13T13:27:48.564199"
}