{
  "total_tldrs": 275,
  "total_tokens": 872904,
  "total_cost": 0.11320829999999986,
  "runs": 3835,
  "last_run": "2026-02-12T01:54:02.848950"
}