{
  "total_tldrs": 251,
  "total_tokens": 797297,
  "total_cost": 0.10407589999999987,
  "runs": 3543,
  "last_run": "2026-02-07T15:12:48.994469"
}