{
  "total_tldrs": 332,
  "total_tokens": 1028655,
  "total_cost": 0.13253849999999992,
  "runs": 6852,
  "last_run": "2026-03-25T11:30:58.680599"
}