{
  "total_tldrs": 111,
  "total_tokens": 291591,
  "total_cost": 0.03798389999999997,
  "runs": 1023,
  "last_run": "2026-01-11T21:35:35.642177"
}