{
  "total_tldrs": 332,
  "total_tokens": 1028655,
  "total_cost": 0.13253849999999992,
  "runs": 9195,
  "last_run": "2026-05-10T09:01:55.138537"
}