{
  "total_tldrs": 131,
  "total_tokens": 371316,
  "total_cost": 0.04829489999999995,
  "runs": 1368,
  "last_run": "2026-01-15T05:43:25.648194"
}