{
  "total_tldrs": 124,
  "total_tokens": 352065,
  "total_cost": 0.04582229999999996,
  "runs": 1238,
  "last_run": "2026-01-13T22:31:37.967571"
}