{
  "total_tldrs": 89,
  "total_tokens": 226719,
  "total_cost": 0.029503799999999997,
  "runs": 571,
  "last_run": "2026-01-08T02:47:29.756432"
}