{
  "total_tldrs": 197,
  "total_tokens": 631138,
  "total_cost": 0.08226129999999987,
  "runs": 2642,
  "last_run": "2026-01-27T02:27:52.421888"
}