{
  "total_tldrs": 332,
  "total_tokens": 1028655,
  "total_cost": 0.13253849999999992,
  "runs": 8848,
  "last_run": "2026-05-01T21:33:32.293154"
}