{
  "total_tldrs": 332,
  "total_tokens": 1028655,
  "total_cost": 0.13253849999999992,
  "runs": 5921,
  "last_run": "2026-03-12T04:27:45.620860"
}