{
  "total_tldrs": 332,
  "total_tokens": 1028655,
  "total_cost": 0.13253849999999992,
  "runs": 9489,
  "last_run": "2026-05-18T13:00:10.555394"
}