{
  "total_tldrs": 332,
  "total_tokens": 1028655,
  "total_cost": 0.13253849999999992,
  "runs": 5458,
  "last_run": "2026-03-06T10:30:15.768796"
}