{
  "total_tldrs": 332,
  "total_tokens": 1028655,
  "total_cost": 0.13253849999999992,
  "runs": 7522,
  "last_run": "2026-04-05T09:59:27.520766"
}