{
  "total_tldrs": 208,
  "total_tokens": 682513,
  "total_cost": 0.08905809999999988,
  "runs": 2814,
  "last_run": "2026-01-28T21:04:02.076386"
}