{
  "total_tldrs": 152,
  "total_tokens": 435603,
  "total_cost": 0.05664719999999996,
  "runs": 1684,
  "last_run": "2026-01-17T21:22:09.905629"
}