{
  "total_tldrs": 332,
  "total_tokens": 1028655,
  "total_cost": 0.13253849999999992,
  "runs": 9103,
  "last_run": "2026-05-08T06:29:07.120935"
}