{
  "total_tldrs": 171,
  "total_tokens": 512555,
  "total_cost": 0.06679039999999992,
  "runs": 2074,
  "last_run": "2026-01-21T18:09:51.590009"
}