{
  "total_tldrs": 325,
  "total_tokens": 1004398,
  "total_cost": 0.1296270999999999,
  "runs": 4957,
  "last_run": "2026-02-27T22:48:58.495770"
}