{
  "total_tldrs": 275,
  "total_tokens": 868969,
  "total_cost": 0.11277699999999986,
  "runs": 3819,
  "last_run": "2026-02-11T20:42:38.255726"
}