{
  "total_tldrs": 195,
  "total_tokens": 613859,
  "total_cost": 0.07999639999999988,
  "runs": 2584,
  "last_run": "2026-01-26T12:00:30.680268"
}