{
  "total_tldrs": 331,
  "total_tokens": 1026126,
  "total_cost": 0.13223819999999992,
  "runs": 5202,
  "last_run": "2026-03-02T14:05:11.505895"
}