{
  "total_tldrs": 264,
  "total_tokens": 827966,
  "total_cost": 0.10784899999999986,
  "runs": 3683,
  "last_run": "2026-02-09T08:25:56.287901"
}