{
  "total_tldrs": 332,
  "total_tokens": 1028655,
  "total_cost": 0.13253849999999992,
  "runs": 8050,
  "last_run": "2026-04-14T21:54:51.631457"
}