{
  "total_tldrs": 304,
  "total_tokens": 943135,
  "total_cost": 0.12206649999999987,
  "runs": 4425,
  "last_run": "2026-02-20T14:40:39.421469"
}