{
  "total_tldrs": 332,
  "total_tokens": 1028655,
  "total_cost": 0.13253849999999992,
  "runs": 7148,
  "last_run": "2026-03-29T22:43:45.936433"
}