{
  "total_tldrs": 332,
  "total_tokens": 1028655,
  "total_cost": 0.13253849999999992,
  "runs": 6926,
  "last_run": "2026-03-26T20:00:12.930292"
}