{
  "total_tldrs": 268,
  "total_tokens": 840577,
  "total_cost": 0.10941669999999984,
  "runs": 3762,
  "last_run": "2026-02-10T20:00:16.396542"
}