{
  "total_tldrs": 155,
  "total_tokens": 455859,
  "total_cost": 0.05932559999999996,
  "runs": 1830,
  "last_run": "2026-01-19T04:02:52.706186"
}