{
  "total_tldrs": 332,
  "total_tokens": 1028655,
  "total_cost": 0.13253849999999992,
  "runs": 9714,
  "last_run": "2026-05-25T21:14:33.980244"
}