{
  "total_tldrs": 332,
  "total_tokens": 1028655,
  "total_cost": 0.13253849999999992,
  "runs": 5530,
  "last_run": "2026-03-07T08:14:25.852653"
}