{
  "total_tldrs": 308,
  "total_tokens": 963310,
  "total_cost": 0.12449259999999986,
  "runs": 4484,
  "last_run": "2026-02-21T08:59:18.462531"
}