{
  "total_tldrs": 332,
  "total_tokens": 1028655,
  "total_cost": 0.13253849999999992,
  "runs": 6407,
  "last_run": "2026-03-19T07:38:14.381343"
}