{
  "total_tldrs": 261,
  "total_tokens": 822124,
  "total_cost": 0.10709919999999985,
  "runs": 3650,
  "last_run": "2026-02-08T19:59:03.728169"
}