{
  "total_tldrs": 332,
  "total_tokens": 1028655,
  "total_cost": 0.13253849999999992,
  "runs": 9075,
  "last_run": "2026-05-07T12:19:29.173541"
}