{
  "total_tldrs": 328,
  "total_tokens": 1017927,
  "total_cost": 0.13124819999999993,
  "runs": 5059,
  "last_run": "2026-02-28T21:49:33.126931"
}