{
  "total_tldrs": 134,
  "total_tokens": 382761,
  "total_cost": 0.049730999999999956,
  "runs": 1457,
  "last_run": "2026-01-15T23:22:07.886189"
}