{
  "total_tldrs": 167,
  "total_tokens": 507122,
  "total_cost": 0.06609919999999993,
  "runs": 2068,
  "last_run": "2026-01-21T16:01:37.360438"
}