{
  "total_tldrs": 195,
  "total_tokens": 620757,
  "total_cost": 0.08088599999999987,
  "runs": 2610,
  "last_run": "2026-01-26T18:51:47.585967"
}