{
  "total_tldrs": 332,
  "total_tokens": 1028655,
  "total_cost": 0.13253849999999992,
  "runs": 8807,
  "last_run": "2026-04-30T22:34:41.689222"
}