{
  "total_tldrs": 184,
  "total_tokens": 562253,
  "total_cost": 0.07320919999999992,
  "runs": 2267,
  "last_run": "2026-01-23T18:48:17.119463"
}