{
  "total_tldrs": 194,
  "total_tokens": 600436,
  "total_cost": 0.07823589999999989,
  "runs": 2498,
  "last_run": "2026-01-25T16:49:47.969309"
}