{
  "total_tldrs": 332,
  "total_tokens": 1028655,
  "total_cost": 0.13253849999999992,
  "runs": 5794,
  "last_run": "2026-03-10T08:21:25.771306"
}