{
  "total_tldrs": 117,
  "total_tokens": 317501,
  "total_cost": 0.04131349999999997,
  "runs": 1089,
  "last_run": "2026-01-12T14:27:29.320289"
}