{
  "total_tldrs": 265,
  "total_tokens": 830485,
  "total_cost": 0.10818609999999987,
  "runs": 3697,
  "last_run": "2026-02-09T14:08:32.210000"
}