{
  "total_tldrs": 332,
  "total_tokens": 1028655,
  "total_cost": 0.13253849999999992,
  "runs": 6829,
  "last_run": "2026-03-24T23:58:30.929210"
}