{
  "total_tldrs": 229,
  "total_tokens": 750649,
  "total_cost": 0.09802089999999987,
  "runs": 3177,
  "last_run": "2026-02-02T05:53:03.461312"
}