{
  "total_tldrs": 250,
  "total_tokens": 794232,
  "total_cost": 0.10368269999999986,
  "runs": 3484,
  "last_run": "2026-02-06T22:04:17.023329"
}