{
  "total_tldrs": 257,
  "total_tokens": 816041,
  "total_cost": 0.10634179999999986,
  "runs": 3602,
  "last_run": "2026-02-08T09:01:39.059734"
}