{
  "total_tldrs": 129,
  "total_tokens": 367554,
  "total_cost": 0.047811599999999954,
  "runs": 1366,
  "last_run": "2026-01-15T05:19:23.498983"
}