{
  "total_tldrs": 332,
  "total_tokens": 1028655,
  "total_cost": 0.13253849999999992,
  "runs": 8357,
  "last_run": "2026-04-20T19:41:38.662256"
}