{
  "total_tldrs": 332,
  "total_tokens": 1028655,
  "total_cost": 0.13253849999999992,
  "runs": 9349,
  "last_run": "2026-05-14T21:47:27.302246"
}