{
  "total_tldrs": 313,
  "total_tokens": 974531,
  "total_cost": 0.12590239999999986,
  "runs": 4686,
  "last_run": "2026-02-23T17:19:27.240231"
}