{
  "total_tldrs": 332,
  "total_tokens": 1028655,
  "total_cost": 0.13253849999999992,
  "runs": 5749,
  "last_run": "2026-03-09T16:38:12.080979"
}