{
  "total_tldrs": 328,
  "total_tokens": 1017927,
  "total_cost": 0.13124819999999993,
  "runs": 5075,
  "last_run": "2026-03-01T02:22:42.851770"
}