{
  "total_tldrs": 311,
  "total_tokens": 969610,
  "total_cost": 0.12526629999999986,
  "runs": 4635,
  "last_run": "2026-02-22T21:44:48.686611"
}