{
  "total_tldrs": 332,
  "total_tokens": 1028655,
  "total_cost": 0.13253849999999992,
  "runs": 7810,
  "last_run": "2026-04-10T17:23:13.460685"
}