{
  "total_tldrs": 230,
  "total_tokens": 752516,
  "total_cost": 0.09826129999999987,
  "runs": 3201,
  "last_run": "2026-02-02T14:23:06.375831"
}