{
  "total_tldrs": 90,
  "total_tokens": 231040,
  "total_cost": 0.030069099999999998,
  "runs": 575,
  "last_run": "2026-01-08T04:12:33.756430"
}