{
  "total_tldrs": 213,
  "total_tokens": 708049,
  "total_cost": 0.09241989999999987,
  "runs": 2920,
  "last_run": "2026-01-30T08:37:06.463378"
}