{
  "total_tldrs": 332,
  "total_tokens": 1028655,
  "total_cost": 0.13253849999999992,
  "runs": 7577,
  "last_run": "2026-04-06T00:56:48.550435"
}