{
  "total_tldrs": 327,
  "total_tokens": 1015577,
  "total_cost": 0.13094089999999992,
  "runs": 4981,
  "last_run": "2026-02-28T07:18:55.697010"
}