{
  "total_tldrs": 332,
  "total_tokens": 1028655,
  "total_cost": 0.13253849999999992,
  "runs": 8987,
  "last_run": "2026-05-04T21:57:09.423113"
}