{
  "total_tldrs": 120,
  "total_tokens": 337266,
  "total_cost": 0.04388009999999998,
  "runs": 1161,
  "last_run": "2026-01-13T06:49:02.547161"
}