{
  "total_tldrs": 332,
  "total_tokens": 1028655,
  "total_cost": 0.13253849999999992,
  "runs": 6281,
  "last_run": "2026-03-17T01:28:35.433124"
}