{
  "total_tldrs": 311,
  "total_tokens": 969610,
  "total_cost": 0.12526629999999986,
  "runs": 4620,
  "last_run": "2026-02-22T18:48:37.055250"
}