{
  "total_tldrs": 332,
  "total_tokens": 1028655,
  "total_cost": 0.13253849999999992,
  "runs": 7946,
  "last_run": "2026-04-12T17:45:44.115774"
}