{
  "total_tldrs": 180,
  "total_tokens": 554397,
  "total_cost": 0.07216439999999992,
  "runs": 2223,
  "last_run": "2026-01-23T09:04:06.016698"
}