{
  "total_tldrs": 178,
  "total_tokens": 538091,
  "total_cost": 0.07013149999999992,
  "runs": 2167,
  "last_run": "2026-01-22T19:13:01.167485"
}