{
  "total_tldrs": 332,
  "total_tokens": 1028655,
  "total_cost": 0.13253849999999992,
  "runs": 8371,
  "last_run": "2026-04-21T01:00:14.879934"
}