{
  "total_tldrs": 332,
  "total_tokens": 1028655,
  "total_cost": 0.13253849999999992,
  "runs": 6723,
  "last_run": "2026-03-23T07:10:57.947265"
}