{
  "total_tldrs": 332,
  "total_tokens": 1028655,
  "total_cost": 0.13253849999999992,
  "runs": 8916,
  "last_run": "2026-05-03T08:12:14.440389"
}