{
  "total_tldrs": 219,
  "total_tokens": 733342,
  "total_cost": 0.09577539999999989,
  "runs": 2983,
  "last_run": "2026-01-31T01:59:45.770860"
}