{
  "total_tldrs": 229,
  "total_tokens": 748696,
  "total_cost": 0.09780549999999986,
  "runs": 3169,
  "last_run": "2026-02-02T00:10:00.443578"
}