{
  "total_tldrs": 175,
  "total_tokens": 528051,
  "total_cost": 0.06882869999999992,
  "runs": 2119,
  "last_run": "2026-01-22T07:29:31.582824"
}