{
  "total_tldrs": 332,
  "total_tokens": 1028655,
  "total_cost": 0.13253849999999992,
  "runs": 8026,
  "last_run": "2026-04-14T10:35:16.715883"
}