{
  "total_tldrs": 104,
  "total_tokens": 262692,
  "total_cost": 0.034206899999999985,
  "runs": 702,
  "last_run": "2026-01-09T08:34:30.510755"
}