{
  "total_tldrs": 150,
  "total_tokens": 429303,
  "total_cost": 0.055814999999999955,
  "runs": 1658,
  "last_run": "2026-01-17T17:21:52.579029"
}