{
  "total_tldrs": 332,
  "total_tokens": 1028655,
  "total_cost": 0.13253849999999992,
  "runs": 7163,
  "last_run": "2026-03-30T07:34:22.967988"
}