{
  "total_tldrs": 332,
  "total_tokens": 1028655,
  "total_cost": 0.13253849999999992,
  "runs": 5600,
  "last_run": "2026-03-07T21:59:01.466099"
}