{
  "total_tldrs": 332,
  "total_tokens": 1028655,
  "total_cost": 0.13253849999999992,
  "runs": 5318,
  "last_run": "2026-03-04T07:07:39.488505"
}