{
  "total_tldrs": 332,
  "total_tokens": 1028655,
  "total_cost": 0.13253849999999992,
  "runs": 7311,
  "last_run": "2026-04-02T03:23:20.729247"
}