{
  "total_tldrs": 262,
  "total_tokens": 823048,
  "total_cost": 0.10721799999999986,
  "runs": 3658,
  "last_run": "2026-02-08T21:43:08.029083"
}