{
  "total_tldrs": 267,
  "total_tokens": 838123,
  "total_cost": 0.10909599999999985,
  "runs": 3726,
  "last_run": "2026-02-10T02:31:45.557352"
}