{
  "total_tldrs": 264,
  "total_tokens": 827966,
  "total_cost": 0.10784899999999986,
  "runs": 3687,
  "last_run": "2026-02-09T10:02:15.620480"
}