{
  "total_tldrs": 332,
  "total_tokens": 1028655,
  "total_cost": 0.13253849999999992,
  "runs": 9483,
  "last_run": "2026-05-18T04:53:18.932213"
}