{
  "total_tldrs": 311,
  "total_tokens": 967864,
  "total_cost": 0.12507279999999985,
  "runs": 4558,
  "last_run": "2026-02-22T00:55:08.987406"
}