{
  "total_tldrs": 192,
  "total_tokens": 596284,
  "total_cost": 0.07765119999999989,
  "runs": 2455,
  "last_run": "2026-01-25T09:11:35.452225"
}