{
  "total_tldrs": 332,
  "total_tokens": 1028655,
  "total_cost": 0.13253849999999992,
  "runs": 6370,
  "last_run": "2026-03-18T16:35:27.125625"
}