{
  "total_tldrs": 332,
  "total_tokens": 1028655,
  "total_cost": 0.13253849999999992,
  "runs": 5470,
  "last_run": "2026-03-06T14:00:14.795576"
}