{
  "total_tldrs": 332,
  "total_tokens": 1028655,
  "total_cost": 0.13253849999999992,
  "runs": 6592,
  "last_run": "2026-03-21T17:42:38.865944"
}