{
  "total_tldrs": 327,
  "total_tokens": 1016426,
  "total_cost": 0.13102999999999992,
  "runs": 4997,
  "last_run": "2026-02-28T10:22:20.107814"
}