{
  "total_tldrs": 332,
  "total_tokens": 1028655,
  "total_cost": 0.13253849999999992,
  "runs": 8929,
  "last_run": "2026-05-03T13:56:08.191680"
}