{
  "total_tldrs": 332,
  "total_tokens": 1028655,
  "total_cost": 0.13253849999999992,
  "runs": 8866,
  "last_run": "2026-05-02T08:59:12.812698"
}