{
  "total_tldrs": 332,
  "total_tokens": 1028655,
  "total_cost": 0.13253849999999992,
  "runs": 7086,
  "last_run": "2026-03-29T04:44:11.815202"
}