{
  "total_tldrs": 311,
  "total_tokens": 967864,
  "total_cost": 0.12507279999999985,
  "runs": 4551,
  "last_run": "2026-02-21T22:58:27.125186"
}