{
  "total_tldrs": 266,
  "total_tokens": 831757,
  "total_cost": 0.10836639999999986,
  "runs": 3705,
  "last_run": "2026-02-09T17:50:00.455512"
}