{
  "total_tldrs": 332,
  "total_tokens": 1028655,
  "total_cost": 0.13253849999999992,
  "runs": 6973,
  "last_run": "2026-03-27T15:01:30.922566"
}