{
  "total_tldrs": 332,
  "total_tokens": 1028655,
  "total_cost": 0.13253849999999992,
  "runs": 9144,
  "last_run": "2026-05-09T06:56:41.600310"
}