{
  "total_tldrs": 332,
  "total_tokens": 1028655,
  "total_cost": 0.13253849999999992,
  "runs": 8316,
  "last_run": "2026-04-19T21:38:36.761034"
}