{
  "total_tldrs": 211,
  "total_tokens": 693790,
  "total_cost": 0.09052329999999988,
  "runs": 2839,
  "last_run": "2026-01-29T06:26:00.233632"
}