{
  "total_tldrs": 332,
  "total_tokens": 1028655,
  "total_cost": 0.13253849999999992,
  "runs": 7541,
  "last_run": "2026-04-05T15:18:44.880851"
}