{
  "total_tldrs": 332,
  "total_tokens": 1028655,
  "total_cost": 0.13253849999999992,
  "runs": 8576,
  "last_run": "2026-04-25T14:05:02.628086"
}