{
  "total_tldrs": 331,
  "total_tokens": 1027719,
  "total_cost": 0.13241309999999992,
  "runs": 5246,
  "last_run": "2026-03-03T05:39:29.123519"
}