{
  "total_tldrs": 332,
  "total_tokens": 1028655,
  "total_cost": 0.13253849999999992,
  "runs": 7472,
  "last_run": "2026-04-04T16:15:33.503246"
}