{
  "total_tldrs": 332,
  "total_tokens": 1028655,
  "total_cost": 0.13253849999999992,
  "runs": 9517,
  "last_run": "2026-05-19T14:28:24.972500"
}