{
  "total_tldrs": 183,
  "total_tokens": 560051,
  "total_cost": 0.07291459999999991,
  "runs": 2240,
  "last_run": "2026-01-23T12:20:20.263504"
}