{
  "total_tldrs": 325,
  "total_tokens": 1004398,
  "total_cost": 0.1296270999999999,
  "runs": 4965,
  "last_run": "2026-02-28T00:46:20.895720"
}