{
  "total_tldrs": 139,
  "total_tokens": 403004,
  "total_cost": 0.05233939999999996,
  "runs": 1527,
  "last_run": "2026-01-16T15:59:43.018903"
}