{
  "total_tldrs": 152,
  "total_tokens": 435603,
  "total_cost": 0.05664719999999996,
  "runs": 1683,
  "last_run": "2026-01-17T21:11:11.740796"
}