{
  "total_tldrs": 332,
  "total_tokens": 1028655,
  "total_cost": 0.13253849999999992,
  "runs": 8076,
  "last_run": "2026-04-15T12:38:42.314850"
}