{
  "total_tldrs": 332,
  "total_tokens": 1028655,
  "total_cost": 0.13253849999999992,
  "runs": 8680,
  "last_run": "2026-04-27T12:04:28.388575"
}