{
  "total_tldrs": 159,
  "total_tokens": 479731,
  "total_cost": 0.06249369999999996,
  "runs": 1977,
  "last_run": "2026-01-20T15:47:28.533696"
}