{
  "total_tldrs": 332,
  "total_tokens": 1028655,
  "total_cost": 0.13253849999999992,
  "runs": 6634,
  "last_run": "2026-03-22T06:26:46.444879"
}