{
  "total_tldrs": 332,
  "total_tokens": 1028655,
  "total_cost": 0.13253849999999992,
  "runs": 7367,
  "last_run": "2026-04-03T02:23:04.162112"
}