{
  "total_tldrs": 332,
  "total_tokens": 1028655,
  "total_cost": 0.13253849999999992,
  "runs": 8814,
  "last_run": "2026-05-01T03:12:37.805815"
}