{
  "total_tldrs": 159,
  "total_tokens": 477560,
  "total_cost": 0.06219259999999996,
  "runs": 1955,
  "last_run": "2026-01-20T10:13:49.348556"
}