{
  "total_tldrs": 255,
  "total_tokens": 807393,
  "total_cost": 0.10533449999999986,
  "runs": 3584,
  "last_run": "2026-02-08T00:01:24.799221"
}