{
  "total_tldrs": 323,
  "total_tokens": 994059,
  "total_cost": 0.12833369999999988,
  "runs": 4906,
  "last_run": "2026-02-27T08:31:14.092655"
}