{
  "total_tldrs": 332,
  "total_tokens": 1028655,
  "total_cost": 0.13253849999999992,
  "runs": 6363,
  "last_run": "2026-03-18T12:55:09.602140"
}