{
  "total_tldrs": 332,
  "total_tokens": 1028655,
  "total_cost": 0.13253849999999992,
  "runs": 8971,
  "last_run": "2026-05-04T11:32:58.409884"
}