{
  "total_tldrs": 268,
  "total_tokens": 840577,
  "total_cost": 0.10941669999999984,
  "runs": 3765,
  "last_run": "2026-02-10T21:01:30.513321"
}