{
  "total_tldrs": 300,
  "total_tokens": 936470,
  "total_cost": 0.12120469999999987,
  "runs": 4357,
  "last_run": "2026-02-19T14:14:16.879469"
}