{
  "total_tldrs": 332,
  "total_tokens": 1028655,
  "total_cost": 0.13253849999999992,
  "runs": 9820,
  "last_run": "2026-05-30T04:51:27.958599"
}