{
  "total_tldrs": 332,
  "total_tokens": 1028655,
  "total_cost": 0.13253849999999992,
  "runs": 6995,
  "last_run": "2026-03-27T22:03:21.132939"
}