{
  "total_tldrs": 332,
  "total_tokens": 1028655,
  "total_cost": 0.13253849999999992,
  "runs": 7835,
  "last_run": "2026-04-11T01:32:13.751459"
}