{
  "total_tldrs": 332,
  "total_tokens": 1028655,
  "total_cost": 0.13253849999999992,
  "runs": 6249,
  "last_run": "2026-03-16T14:11:25.453846"
}