{
  "total_tldrs": 109,
  "total_tokens": 277771,
  "total_cost": 0.03625839999999999,
  "runs": 907,
  "last_run": "2026-01-10T23:03:12.391094"
}