{
  "total_tldrs": 332,
  "total_tokens": 1028655,
  "total_cost": 0.13253849999999992,
  "runs": 7455,
  "last_run": "2026-04-04T11:32:36.256077"
}