{
  "total_tldrs": 332,
  "total_tokens": 1028655,
  "total_cost": 0.13253849999999992,
  "runs": 8045,
  "last_run": "2026-04-14T20:04:30.530746"
}