{
  "total_tldrs": 332,
  "total_tokens": 1028655,
  "total_cost": 0.13253849999999992,
  "runs": 8702,
  "last_run": "2026-04-27T23:31:41.556719"
}