{
  "total_tldrs": 218,
  "total_tokens": 727732,
  "total_cost": 0.09507759999999987,
  "runs": 2968,
  "last_run": "2026-01-30T21:49:23.546289"
}