{
  "total_tldrs": 275,
  "total_tokens": 866819,
  "total_cost": 0.11254969999999986,
  "runs": 3812,
  "last_run": "2026-02-11T18:13:50.425086"
}