{
  "total_tldrs": 332,
  "total_tokens": 1028655,
  "total_cost": 0.13253849999999992,
  "runs": 8209,
  "last_run": "2026-04-18T08:24:56.850429"
}