{
  "total_tldrs": 109,
  "total_tokens": 277771,
  "total_cost": 0.03625839999999999,
  "runs": 911,
  "last_run": "2026-01-10T23:43:29.274491"
}