{
  "total_tldrs": 332,
  "total_tokens": 1028655,
  "total_cost": 0.13253849999999992,
  "runs": 6248,
  "last_run": "2026-03-16T13:41:21.327809"
}