{
  "total_tldrs": 332,
  "total_tokens": 1028655,
  "total_cost": 0.13253849999999992,
  "runs": 8999,
  "last_run": "2026-05-05T06:03:55.174946"
}