{
  "total_tldrs": 171,
  "total_tokens": 515565,
  "total_cost": 0.06719639999999992,
  "runs": 2095,
  "last_run": "2026-01-21T23:01:24.612925"
}