{
  "total_tldrs": 197,
  "total_tokens": 629260,
  "total_cost": 0.08206269999999988,
  "runs": 2635,
  "last_run": "2026-01-26T23:31:52.005855"
}