{
  "total_tldrs": 332,
  "total_tokens": 1028655,
  "total_cost": 0.13253849999999992,
  "runs": 9541,
  "last_run": "2026-05-20T12:04:11.369230"
}