{
  "total_tldrs": 289,
  "total_tokens": 910051,
  "total_cost": 0.11785209999999983,
  "runs": 4112,
  "last_run": "2026-02-15T19:26:11.754539"
}