{
  "total_tldrs": 332,
  "total_tokens": 1028655,
  "total_cost": 0.13253849999999992,
  "runs": 7939,
  "last_run": "2026-04-12T15:52:41.566955"
}