{
  "total_tldrs": 234,
  "total_tokens": 760184,
  "total_cost": 0.09924019999999988,
  "runs": 3299,
  "last_run": "2026-02-04T07:06:59.995337"
}