{
  "total_tldrs": 327,
  "total_tokens": 1016426,
  "total_cost": 0.13102999999999992,
  "runs": 5017,
  "last_run": "2026-02-28T14:25:40.361459"
}