{
  "total_tldrs": 332,
  "total_tokens": 1028655,
  "total_cost": 0.13253849999999992,
  "runs": 7585,
  "last_run": "2026-04-06T07:38:46.290071"
}