{
  "total_tldrs": 327,
  "total_tokens": 1015577,
  "total_cost": 0.13094089999999992,
  "runs": 4984,
  "last_run": "2026-02-28T07:53:03.706878"
}