{
  "total_tldrs": 332,
  "total_tokens": 1028655,
  "total_cost": 0.13253849999999992,
  "runs": 9100,
  "last_run": "2026-05-08T04:06:27.081936"
}