{
  "total_tldrs": 152,
  "total_tokens": 438577,
  "total_cost": 0.05704389999999996,
  "runs": 1707,
  "last_run": "2026-01-18T03:23:05.329735"
}