{
  "total_tldrs": 246,
  "total_tokens": 784537,
  "total_cost": 0.10238499999999988,
  "runs": 3451,
  "last_run": "2026-02-06T11:50:41.259570"
}