{
  "total_tldrs": 144,
  "total_tokens": 419394,
  "total_cost": 0.054485399999999955,
  "runs": 1593,
  "last_run": "2026-01-17T06:34:05.555013"
}