{
  "total_tldrs": 332,
  "total_tokens": 1028655,
  "total_cost": 0.13253849999999992,
  "runs": 8775,
  "last_run": "2026-04-30T01:05:19.579407"
}