{
  "total_tldrs": 217,
  "total_tokens": 722093,
  "total_cost": 0.09429349999999986,
  "runs": 2956,
  "last_run": "2026-01-30T19:00:25.438874"
}