{
  "total_tldrs": 205,
  "total_tokens": 665731,
  "total_cost": 0.08677059999999985,
  "runs": 2764,
  "last_run": "2026-01-28T09:35:59.834968"
}