{
  "total_tldrs": 331,
  "total_tokens": 1027719,
  "total_cost": 0.13241309999999992,
  "runs": 5248,
  "last_run": "2026-03-03T06:27:30.363193"
}