{
  "total_tldrs": 306,
  "total_tokens": 949825,
  "total_cost": 0.12295089999999986,
  "runs": 4440,
  "last_run": "2026-02-20T19:21:55.338438"
}