{
  "total_tldrs": 332,
  "total_tokens": 1028655,
  "total_cost": 0.13253849999999992,
  "runs": 9513,
  "last_run": "2026-05-19T10:08:43.323918"
}