{
  "total_tldrs": 293,
  "total_tokens": 917447,
  "total_cost": 0.11877559999999986,
  "runs": 4218,
  "last_run": "2026-02-17T08:23:37.516779"
}