{
  "total_tldrs": 332,
  "total_tokens": 1028655,
  "total_cost": 0.13253849999999992,
  "runs": 9142,
  "last_run": "2026-05-09T05:14:40.876915"
}