{
  "total_tldrs": 332,
  "total_tokens": 1028655,
  "total_cost": 0.13253849999999992,
  "runs": 7642,
  "last_run": "2026-04-07T08:17:51.000311"
}