{
  "total_tldrs": 332,
  "total_tokens": 1028655,
  "total_cost": 0.13253849999999992,
  "runs": 7680,
  "last_run": "2026-04-07T23:52:17.173003"
}