{
  "total_tldrs": 290,
  "total_tokens": 910839,
  "total_cost": 0.11795699999999984,
  "runs": 4137,
  "last_run": "2026-02-16T00:10:24.304343"
}