{
  "total_tldrs": 118,
  "total_tokens": 323835,
  "total_cost": 0.042157499999999966,
  "runs": 1099,
  "last_run": "2026-01-12T16:33:56.108263"
}