{
  "total_tldrs": 331,
  "total_tokens": 1027719,
  "total_cost": 0.13241309999999992,
  "runs": 5245,
  "last_run": "2026-03-03T05:18:45.959394"
}