{
  "total_tldrs": 332,
  "total_tokens": 1028655,
  "total_cost": 0.13253849999999992,
  "runs": 7197,
  "last_run": "2026-03-30T22:18:02.772950"
}