{
  "total_tldrs": 307,
  "total_tokens": 956813,
  "total_cost": 0.12376069999999986,
  "runs": 4448,
  "last_run": "2026-02-20T21:11:58.860115"
}