{
  "total_tldrs": 332,
  "total_tokens": 1028655,
  "total_cost": 0.13253849999999992,
  "runs": 5450,
  "last_run": "2026-03-06T08:14:50.394224"
}