{
  "total_tldrs": 314,
  "total_tokens": 977764,
  "total_cost": 0.12627279999999985,
  "runs": 4709,
  "last_run": "2026-02-24T02:09:48.066824"
}