{
  "total_tldrs": 213,
  "total_tokens": 704663,
  "total_cost": 0.09201859999999988,
  "runs": 2903,
  "last_run": "2026-01-30T00:34:42.800230"
}