{
  "total_tldrs": 331,
  "total_tokens": 1026126,
  "total_cost": 0.13223819999999992,
  "runs": 5184,
  "last_run": "2026-03-02T07:58:00.951573"
}