{
  "total_tldrs": 213,
  "total_tokens": 707073,
  "total_cost": 0.09228629999999988,
  "runs": 2908,
  "last_run": "2026-01-30T04:19:10.982308"
}