{
  "total_tldrs": 332,
  "total_tokens": 1028655,
  "total_cost": 0.13253849999999992,
  "runs": 8756,
  "last_run": "2026-04-29T14:58:57.090177"
}