{
  "total_tldrs": 179,
  "total_tokens": 545969,
  "total_cost": 0.07116079999999991,
  "runs": 2197,
  "last_run": "2026-01-23T01:51:37.654742"
}