{
  "total_tldrs": 156,
  "total_tokens": 459496,
  "total_cost": 0.05981739999999996,
  "runs": 1855,
  "last_run": "2026-01-19T10:29:35.344662"
}