{
  "total_tldrs": 332,
  "total_tokens": 1028655,
  "total_cost": 0.13253849999999992,
  "runs": 8311,
  "last_run": "2026-04-19T20:18:24.342086"
}