{
  "total_tldrs": 332,
  "total_tokens": 1028655,
  "total_cost": 0.13253849999999992,
  "runs": 8401,
  "last_run": "2026-04-21T19:05:44.782401"
}