{
  "total_tldrs": 195,
  "total_tokens": 605124,
  "total_cost": 0.07888019999999987,
  "runs": 2531,
  "last_run": "2026-01-25T22:02:15.948720"
}