{
  "total_tldrs": 213,
  "total_tokens": 702200,
  "total_cost": 0.09169999999999988,
  "runs": 2887,
  "last_run": "2026-01-29T20:46:11.726054"
}