{
  "total_tldrs": 161,
  "total_tokens": 488469,
  "total_cost": 0.06364739999999995,
  "runs": 2000,
  "last_run": "2026-01-20T21:51:29.286054"
}