{
  "total_tldrs": 256,
  "total_tokens": 809789,
  "total_cost": 0.10562269999999986,
  "runs": 3587,
  "last_run": "2026-02-08T02:41:35.270298"
}