{
  "total_tldrs": 332,
  "total_tokens": 1028655,
  "total_cost": 0.13253849999999992,
  "runs": 9640,
  "last_run": "2026-05-23T19:33:16.831077"
}