{
  "total_tldrs": 332,
  "total_tokens": 1028655,
  "total_cost": 0.13253849999999992,
  "runs": 5641,
  "last_run": "2026-03-08T10:25:13.745291"
}