{
  "total_tldrs": 332,
  "total_tokens": 1028655,
  "total_cost": 0.13253849999999992,
  "runs": 8938,
  "last_run": "2026-05-03T17:07:03.317594"
}