{
  "total_tldrs": 323,
  "total_tokens": 996952,
  "total_cost": 0.12866169999999988,
  "runs": 4930,
  "last_run": "2026-02-27T16:06:58.738952"
}