{
  "total_tldrs": 239,
  "total_tokens": 774208,
  "total_cost": 0.10103799999999988,
  "runs": 3370,
  "last_run": "2026-02-05T07:59:26.291528"
}