{
  "total_tldrs": 205,
  "total_tokens": 671079,
  "total_cost": 0.08750489999999986,
  "runs": 2793,
  "last_run": "2026-01-28T16:55:01.347081"
}