{
  "total_tldrs": 332,
  "total_tokens": 1028655,
  "total_cost": 0.13253849999999992,
  "runs": 5676,
  "last_run": "2026-03-08T17:43:42.979343"
}