{
  "total_tldrs": 319,
  "total_tokens": 984972,
  "total_cost": 0.12723899999999985,
  "runs": 4792,
  "last_run": "2026-02-25T12:27:44.957916"
}