{
  "total_tldrs": 332,
  "total_tokens": 1028655,
  "total_cost": 0.13253849999999992,
  "runs": 6662,
  "last_run": "2026-03-22T13:34:28.334337"
}