{
  "total_tldrs": 124,
  "total_tokens": 352065,
  "total_cost": 0.04582229999999996,
  "runs": 1230,
  "last_run": "2026-01-13T21:06:59.694822"
}