{
  "total_tldrs": 323,
  "total_tokens": 998004,
  "total_cost": 0.1287797999999999,
  "runs": 4934,
  "last_run": "2026-02-27T17:16:26.466778"
}