{
  "total_tldrs": 215,
  "total_tokens": 719570,
  "total_cost": 0.09395509999999987,
  "runs": 2944,
  "last_run": "2026-01-30T15:33:39.033682"
}