{
  "total_tldrs": 332,
  "total_tokens": 1028655,
  "total_cost": 0.13253849999999992,
  "runs": 8578,
  "last_run": "2026-04-25T14:44:41.152271"
}