{
  "total_tldrs": 311,
  "total_tokens": 969610,
  "total_cost": 0.12526629999999986,
  "runs": 4640,
  "last_run": "2026-02-22T22:39:24.969670"
}