{
  "total_tldrs": 97,
  "total_tokens": 250687,
  "total_cost": 0.03261249999999999,
  "runs": 664,
  "last_run": "2026-01-08T22:12:42.117077"
}