{
  "total_tldrs": 161,
  "total_tokens": 491918,
  "total_cost": 0.06411169999999995,
  "runs": 2012,
  "last_run": "2026-01-20T23:52:39.767879"
}