{
  "total_tldrs": 159,
  "total_tokens": 477560,
  "total_cost": 0.06219259999999996,
  "runs": 1956,
  "last_run": "2026-01-20T10:28:09.456163"
}