{
  "total_tldrs": 132,
  "total_tokens": 373794,
  "total_cost": 0.04860539999999995,
  "runs": 1399,
  "last_run": "2026-01-15T11:41:56.995276"
}