{
  "total_tldrs": 297,
  "total_tokens": 929048,
  "total_cost": 0.12027589999999987,
  "runs": 4273,
  "last_run": "2026-02-18T05:35:25.487352"
}