{
  "total_tldrs": 311,
  "total_tokens": 969610,
  "total_cost": 0.12526629999999986,
  "runs": 4641,
  "last_run": "2026-02-22T22:51:19.726312"
}