{
  "total_tldrs": 332,
  "total_tokens": 1028655,
  "total_cost": 0.13253849999999992,
  "runs": 5566,
  "last_run": "2026-03-07T15:53:38.507638"
}