{
  "total_tldrs": 256,
  "total_tokens": 810814,
  "total_cost": 0.10573449999999986,
  "runs": 3589,
  "last_run": "2026-02-08T04:39:31.383136"
}