{
  "total_tldrs": 332,
  "total_tokens": 1028655,
  "total_cost": 0.13253849999999992,
  "runs": 8705,
  "last_run": "2026-04-28T01:09:46.915128"
}