{
  "total_tldrs": 178,
  "total_tokens": 535354,
  "total_cost": 0.06976659999999991,
  "runs": 2152,
  "last_run": "2026-01-22T15:31:14.530249"
}