{
  "total_tldrs": 119,
  "total_tokens": 334867,
  "total_cost": 0.04356429999999997,
  "runs": 1156,
  "last_run": "2026-01-13T05:42:30.087203"
}