{
  "total_tldrs": 171,
  "total_tokens": 516232,
  "total_cost": 0.06728409999999992,
  "runs": 2101,
  "last_run": "2026-01-22T00:34:57.432871"
}