{
  "total_tldrs": 311,
  "total_tokens": 969610,
  "total_cost": 0.12526629999999986,
  "runs": 4566,
  "last_run": "2026-02-22T06:08:13.562490"
}