{
  "total_tldrs": 237,
  "total_tokens": 767169,
  "total_cost": 0.10014269999999988,
  "runs": 3326,
  "last_run": "2026-02-04T16:04:40.832994"
}