{
  "total_tldrs": 109,
  "total_tokens": 277030,
  "total_cost": 0.03615639999999999,
  "runs": 901,
  "last_run": "2026-01-10T22:06:03.259028"
}