{
  "total_tldrs": 332,
  "total_tokens": 1028655,
  "total_cost": 0.13253849999999992,
  "runs": 9042,
  "last_run": "2026-05-06T13:29:38.393007"
}