{
  "total_tldrs": 201,
  "total_tokens": 645381,
  "total_cost": 0.08419499999999985,
  "runs": 2712,
  "last_run": "2026-01-27T20:12:12.131870"
}