{
  "total_tldrs": 202,
  "total_tokens": 647009,
  "total_cost": 0.08440939999999984,
  "runs": 2719,
  "last_run": "2026-01-27T21:28:37.728211"
}