{
  "total_tldrs": 332,
  "total_tokens": 1028655,
  "total_cost": 0.13253849999999992,
  "runs": 7440,
  "last_run": "2026-04-04T07:28:46.901662"
}