{
  "total_tldrs": 104,
  "total_tokens": 265039,
  "total_cost": 0.03452559999999999,
  "runs": 726,
  "last_run": "2026-01-09T13:38:09.925635"
}