{
  "total_tldrs": 180,
  "total_tokens": 554397,
  "total_cost": 0.07216439999999992,
  "runs": 2219,
  "last_run": "2026-01-23T08:10:35.551234"
}