{
  "total_tldrs": 332,
  "total_tokens": 1028655,
  "total_cost": 0.13253849999999992,
  "runs": 5297,
  "last_run": "2026-03-03T22:26:59.642352"
}