{
  "total_tldrs": 317,
  "total_tokens": 982801,
  "total_cost": 0.12694659999999985,
  "runs": 4747,
  "last_run": "2026-02-24T18:52:52.676033"
}