{
  "total_tldrs": 332,
  "total_tokens": 1028655,
  "total_cost": 0.13253849999999992,
  "runs": 8109,
  "last_run": "2026-04-16T06:24:53.674372"
}