{
  "total_tldrs": 332,
  "total_tokens": 1028655,
  "total_cost": 0.13253849999999992,
  "runs": 8025,
  "last_run": "2026-04-14T09:58:05.437225"
}