{
  "total_tldrs": 322,
  "total_tokens": 993287,
  "total_cost": 0.12823669999999987,
  "runs": 4884,
  "last_run": "2026-02-26T22:53:26.648916"
}