{
  "total_tldrs": 326,
  "total_tokens": 1011085,
  "total_cost": 0.1303947999999999,
  "runs": 4975,
  "last_run": "2026-02-28T05:50:57.153879"
}