{
  "total_tldrs": 332,
  "total_tokens": 1028655,
  "total_cost": 0.13253849999999992,
  "runs": 8787,
  "last_run": "2026-04-30T11:47:47.747757"
}