{
  "total_tldrs": 312,
  "total_tokens": 972779,
  "total_cost": 0.12561949999999986,
  "runs": 4668,
  "last_run": "2026-02-23T10:36:12.060772"
}