{
  "total_tldrs": 332,
  "total_tokens": 1028655,
  "total_cost": 0.13253849999999992,
  "runs": 5465,
  "last_run": "2026-03-06T12:10:31.200034"
}