{
  "total_tldrs": 332,
  "total_tokens": 1028655,
  "total_cost": 0.13253849999999992,
  "runs": 7327,
  "last_run": "2026-04-02T11:23:53.313307"
}