{
  "total_tldrs": 293,
  "total_tokens": 915876,
  "total_cost": 0.11861129999999985,
  "runs": 4207,
  "last_run": "2026-02-17T02:26:25.449787"
}