{
  "total_tldrs": 177,
  "total_tokens": 531672,
  "total_cost": 0.06931679999999991,
  "runs": 2146,
  "last_run": "2026-01-22T14:01:27.180404"
}