{
  "total_tldrs": 322,
  "total_tokens": 991366,
  "total_cost": 0.12802689999999986,
  "runs": 4855,
  "last_run": "2026-02-26T13:20:47.524644"
}