{
  "total_tldrs": 144,
  "total_tokens": 419394,
  "total_cost": 0.054485399999999955,
  "runs": 1585,
  "last_run": "2026-01-17T05:07:18.175076"
}