{
  "total_tldrs": 104,
  "total_tokens": 265039,
  "total_cost": 0.03452559999999999,
  "runs": 724,
  "last_run": "2026-01-09T12:58:16.591871"
}