{
  "total_tldrs": 326,
  "total_tokens": 1012139,
  "total_cost": 0.1305109999999999,
  "runs": 4978,
  "last_run": "2026-02-28T06:34:22.080182"
}