{
  "total_tldrs": 332,
  "total_tokens": 1028655,
  "total_cost": 0.13253849999999992,
  "runs": 9058,
  "last_run": "2026-05-06T22:49:47.870250"
}