{
  "total_tldrs": 292,
  "total_tokens": 915077,
  "total_cost": 0.11850799999999985,
  "runs": 4180,
  "last_run": "2026-02-16T18:34:27.084557"
}