{
  "total_tldrs": 332,
  "total_tokens": 1028655,
  "total_cost": 0.13253849999999992,
  "runs": 5634,
  "last_run": "2026-03-08T09:01:44.796702"
}