{
  "total_tldrs": 155,
  "total_tokens": 456435,
  "total_cost": 0.059407799999999955,
  "runs": 1838,
  "last_run": "2026-01-19T06:19:22.549290"
}