{
  "total_tldrs": 332,
  "total_tokens": 1028655,
  "total_cost": 0.13253849999999992,
  "runs": 9346,
  "last_run": "2026-05-14T20:18:32.243977"
}