{
  "total_tldrs": 125,
  "total_tokens": 356477,
  "total_cost": 0.04637749999999996,
  "runs": 1285,
  "last_run": "2026-01-14T10:54:31.407610"
}