{
  "total_tldrs": 331,
  "total_tokens": 1023356,
  "total_cost": 0.1319434999999999,
  "runs": 5136,
  "last_run": "2026-03-01T17:57:15.288776"
}