{
  "total_tldrs": 332,
  "total_tokens": 1028655,
  "total_cost": 0.13253849999999992,
  "runs": 5622,
  "last_run": "2026-03-08T06:08:50.223364"
}