{
  "total_tldrs": 331,
  "total_tokens": 1023356,
  "total_cost": 0.1319434999999999,
  "runs": 5130,
  "last_run": "2026-03-01T16:53:09.381817"
}