{
  "total_tldrs": 332,
  "total_tokens": 1028655,
  "total_cost": 0.13253849999999992,
  "runs": 5834,
  "last_run": "2026-03-10T21:30:34.683030"
}