{
  "total_tldrs": 323,
  "total_tokens": 995140,
  "total_cost": 0.12845499999999987,
  "runs": 4927,
  "last_run": "2026-02-27T15:21:13.275842"
}