{
  "total_tldrs": 317,
  "total_tokens": 982801,
  "total_cost": 0.12694659999999985,
  "runs": 4763,
  "last_run": "2026-02-24T23:16:59.697611"
}