{
  "total_tldrs": 332,
  "total_tokens": 1028655,
  "total_cost": 0.13253849999999992,
  "runs": 7207,
  "last_run": "2026-03-31T02:31:40.687869"
}