{
  "total_tldrs": 332,
  "total_tokens": 1028655,
  "total_cost": 0.13253849999999992,
  "runs": 7898,
  "last_run": "2026-04-11T22:29:24.264776"
}