{
  "total_tldrs": 332,
  "total_tokens": 1028655,
  "total_cost": 0.13253849999999992,
  "runs": 9599,
  "last_run": "2026-05-22T18:00:39.587798"
}