{
  "total_tldrs": 332,
  "total_tokens": 1028655,
  "total_cost": 0.13253849999999992,
  "runs": 9320,
  "last_run": "2026-05-13T23:06:20.746159"
}