{
  "total_tldrs": 124,
  "total_tokens": 352758,
  "total_cost": 0.04591079999999996,
  "runs": 1243,
  "last_run": "2026-01-13T23:21:56.687754"
}