{
  "total_tldrs": 92,
  "total_tokens": 233892,
  "total_cost": 0.030440099999999998,
  "runs": 611,
  "last_run": "2026-01-08T11:42:52.165053"
}