{
  "total_tldrs": 332,
  "total_tokens": 1028655,
  "total_cost": 0.13253849999999992,
  "runs": 5916,
  "last_run": "2026-03-12T00:42:16.410022"
}