{
  "total_tldrs": 186,
  "total_tokens": 568540,
  "total_cost": 0.07406799999999991,
  "runs": 2293,
  "last_run": "2026-01-23T23:14:23.105367"
}