{
  "total_tldrs": 332,
  "total_tokens": 1028655,
  "total_cost": 0.13253849999999992,
  "runs": 8718,
  "last_run": "2026-04-28T12:53:18.695602"
}