{
  "total_tldrs": 165,
  "total_tokens": 503007,
  "total_cost": 0.06555209999999993,
  "runs": 2059,
  "last_run": "2026-01-21T13:44:52.389155"
}