{
  "total_tldrs": 332,
  "total_tokens": 1028655,
  "total_cost": 0.13253849999999992,
  "runs": 8189,
  "last_run": "2026-04-17T22:02:33.663202"
}