{
  "total_tldrs": 195,
  "total_tokens": 613859,
  "total_cost": 0.07999639999999988,
  "runs": 2578,
  "last_run": "2026-01-26T11:03:53.744273"
}