{
  "total_tldrs": 332,
  "total_tokens": 1028655,
  "total_cost": 0.13253849999999992,
  "runs": 5725,
  "last_run": "2026-03-09T08:05:20.034519"
}