{
  "total_tldrs": 154,
  "total_tokens": 450093,
  "total_cost": 0.058572599999999954,
  "runs": 1761,
  "last_run": "2026-01-18T13:47:32.125078"
}