{
  "total_tldrs": 332,
  "total_tokens": 1028655,
  "total_cost": 0.13253849999999992,
  "runs": 6028,
  "last_run": "2026-03-13T17:28:58.077202"
}