{
  "total_tldrs": 250,
  "total_tokens": 795874,
  "total_cost": 0.10386099999999987,
  "runs": 3500,
  "last_run": "2026-02-07T04:27:52.037884"
}