{
  "total_tldrs": 331,
  "total_tokens": 1027719,
  "total_cost": 0.13241309999999992,
  "runs": 5266,
  "last_run": "2026-03-03T11:59:24.174867"
}