{
  "total_tldrs": 332,
  "total_tokens": 1028655,
  "total_cost": 0.13253849999999992,
  "runs": 9217,
  "last_run": "2026-05-10T18:30:44.859578"
}