{
  "total_tldrs": 332,
  "total_tokens": 1028655,
  "total_cost": 0.13253849999999992,
  "runs": 9726,
  "last_run": "2026-05-26T06:33:40.227381"
}