{
  "total_tldrs": 195,
  "total_tokens": 612608,
  "total_cost": 0.07982719999999989,
  "runs": 2570,
  "last_run": "2026-01-26T09:19:17.568016"
}