{
  "total_tldrs": 152,
  "total_tokens": 438577,
  "total_cost": 0.05704389999999996,
  "runs": 1706,
  "last_run": "2026-01-18T02:41:25.147939"
}