{
  "total_tldrs": 332,
  "total_tokens": 1028655,
  "total_cost": 0.13253849999999992,
  "runs": 9750,
  "last_run": "2026-05-27T07:59:30.466932"
}