{
  "total_tldrs": 332,
  "total_tokens": 1028655,
  "total_cost": 0.13253849999999992,
  "runs": 6658,
  "last_run": "2026-03-22T12:14:42.745920"
}