{
  "total_tldrs": 225,
  "total_tokens": 740411,
  "total_cost": 0.09673609999999987,
  "runs": 3034,
  "last_run": "2026-01-31T15:36:54.121652"
}