{
  "total_tldrs": 273,
  "total_tokens": 856061,
  "total_cost": 0.11125609999999986,
  "runs": 3800,
  "last_run": "2026-02-11T12:52:53.597032"
}