{
  "total_tldrs": 119,
  "total_tokens": 335669,
  "total_cost": 0.043669099999999975,
  "runs": 1159,
  "last_run": "2026-01-13T06:14:21.348817"
}