{
  "total_tldrs": 314,
  "total_tokens": 979278,
  "total_cost": 0.12643319999999986,
  "runs": 4724,
  "last_run": "2026-02-24T09:32:38.866450"
}