{
  "total_tldrs": 209,
  "total_tokens": 687848,
  "total_cost": 0.08977189999999988,
  "runs": 2829,
  "last_run": "2026-01-29T00:46:15.525053"
}