{
  "total_tldrs": 332,
  "total_tokens": 1028655,
  "total_cost": 0.13253849999999992,
  "runs": 5628,
  "last_run": "2026-03-08T07:47:53.019995"
}