{
  "total_tldrs": 125,
  "total_tokens": 355949,
  "total_cost": 0.04630699999999996,
  "runs": 1275,
  "last_run": "2026-01-14T08:52:52.835852"
}