{
  "total_tldrs": 230,
  "total_tokens": 752516,
  "total_cost": 0.09826129999999987,
  "runs": 3186,
  "last_run": "2026-02-02T09:08:14.528154"
}