{
  "total_tldrs": 332,
  "total_tokens": 1028655,
  "total_cost": 0.13253849999999992,
  "runs": 9785,
  "last_run": "2026-05-28T21:23:33.311509"
}