{
  "total_tldrs": 189,
  "total_tokens": 580580,
  "total_cost": 0.0756388999999999,
  "runs": 2369,
  "last_run": "2026-01-24T15:24:22.863085"
}