{
  "total_tldrs": 332,
  "total_tokens": 1028655,
  "total_cost": 0.13253849999999992,
  "runs": 6513,
  "last_run": "2026-03-20T20:08:12.463531"
}