{
  "total_tldrs": 190,
  "total_tokens": 583110,
  "total_cost": 0.0759488999999999,
  "runs": 2377,
  "last_run": "2026-01-24T16:44:59.262194"
}