{
  "total_tldrs": 229,
  "total_tokens": 750649,
  "total_cost": 0.09802089999999987,
  "runs": 3171,
  "last_run": "2026-02-02T01:23:37.234093"
}