{
  "total_tldrs": 332,
  "total_tokens": 1028655,
  "total_cost": 0.13253849999999992,
  "runs": 8053,
  "last_run": "2026-04-14T22:53:53.211339"
}