{
  "total_tldrs": 332,
  "total_tokens": 1028655,
  "total_cost": 0.13253849999999992,
  "runs": 9643,
  "last_run": "2026-05-23T20:44:37.090817"
}