{
  "total_tldrs": 295,
  "total_tokens": 921577,
  "total_cost": 0.11933919999999987,
  "runs": 4244,
  "last_run": "2026-02-17T18:04:35.540354"
}