{
  "total_tldrs": 332,
  "total_tokens": 1028655,
  "total_cost": 0.13253849999999992,
  "runs": 7215,
  "last_run": "2026-03-31T08:05:44.630282"
}