{
  "total_tldrs": 306,
  "total_tokens": 949825,
  "total_cost": 0.12295089999999986,
  "runs": 4441,
  "last_run": "2026-02-20T19:38:52.680780"
}