{
  "total_tldrs": 288,
  "total_tokens": 908998,
  "total_cost": 0.11770929999999984,
  "runs": 4075,
  "last_run": "2026-02-15T10:53:28.328842"
}