{
  "total_tldrs": 253,
  "total_tokens": 805354,
  "total_cost": 0.10506849999999986,
  "runs": 3575,
  "last_run": "2026-02-07T22:01:14.717007"
}