{
  "total_tldrs": 332,
  "total_tokens": 1028655,
  "total_cost": 0.13253849999999992,
  "runs": 9479,
  "last_run": "2026-05-18T00:25:21.146068"
}