{
  "total_tldrs": 132,
  "total_tokens": 377849,
  "total_cost": 0.04908559999999995,
  "runs": 1430,
  "last_run": "2026-01-15T19:06:18.063498"
}