{
  "total_tldrs": 332,
  "total_tokens": 1028655,
  "total_cost": 0.13253849999999992,
  "runs": 8625,
  "last_run": "2026-04-26T10:43:35.930583"
}