{
  "total_tldrs": 320,
  "total_tokens": 985777,
  "total_cost": 0.12734889999999985,
  "runs": 4800,
  "last_run": "2026-02-25T15:52:45.748868"
}