{
  "total_tldrs": 248,
  "total_tokens": 790428,
  "total_cost": 0.10316249999999987,
  "runs": 3462,
  "last_run": "2026-02-06T15:42:23.333588"
}