{
  "total_tldrs": 273,
  "total_tokens": 853843,
  "total_cost": 0.11101209999999985,
  "runs": 3793,
  "last_run": "2026-02-11T10:13:54.539546"
}