{
  "total_tldrs": 149,
  "total_tokens": 427635,
  "total_cost": 0.05559149999999995,
  "runs": 1634,
  "last_run": "2026-01-17T13:42:48.580036"
}