{
  "total_tldrs": 149,
  "total_tokens": 428184,
  "total_cost": 0.055662299999999956,
  "runs": 1646,
  "last_run": "2026-01-17T15:32:07.119976"
}