{
  "total_tldrs": 332,
  "total_tokens": 1028655,
  "total_cost": 0.13253849999999992,
  "runs": 8412,
  "last_run": "2026-04-21T23:01:46.714878"
}