{
  "total_tldrs": 181,
  "total_tokens": 555656,
  "total_cost": 0.07233619999999992,
  "runs": 2236,
  "last_run": "2026-01-23T11:40:30.543810"
}