{
  "total_tldrs": 332,
  "total_tokens": 1028655,
  "total_cost": 0.13253849999999992,
  "runs": 5908,
  "last_run": "2026-03-11T22:40:42.201126"
}