{
  "total_tldrs": 132,
  "total_tokens": 374393,
  "total_cost": 0.04868929999999995,
  "runs": 1403,
  "last_run": "2026-01-15T12:22:28.947898"
}