{
  "total_tldrs": 326,
  "total_tokens": 1008373,
  "total_cost": 0.1301037999999999,
  "runs": 4968,
  "last_run": "2026-02-28T02:58:21.071977"
}