{
  "total_tldrs": 327,
  "total_tokens": 1015577,
  "total_cost": 0.13094089999999992,
  "runs": 4985,
  "last_run": "2026-02-28T08:00:05.559370"
}