{
  "total_tldrs": 255,
  "total_tokens": 808941,
  "total_cost": 0.10550219999999987,
  "runs": 3585,
  "last_run": "2026-02-08T01:01:39.138240"
}