{
  "total_tldrs": 250,
  "total_tokens": 794232,
  "total_cost": 0.10368269999999986,
  "runs": 3495,
  "last_run": "2026-02-07T00:45:53.942599"
}