{
  "total_tldrs": 196,
  "total_tokens": 625302,
  "total_cost": 0.08151839999999988,
  "runs": 2624,
  "last_run": "2026-01-26T21:33:45.650620"
}