{
  "total_tldrs": 257,
  "total_tokens": 813652,
  "total_cost": 0.10607709999999985,
  "runs": 3593,
  "last_run": "2026-02-08T06:29:19.204288"
}