{
  "total_tldrs": 258,
  "total_tokens": 817941,
  "total_cost": 0.10657109999999986,
  "runs": 3623,
  "last_run": "2026-02-08T13:59:31.868327"
}