{
  "total_tldrs": 332,
  "total_tokens": 1028655,
  "total_cost": 0.13253849999999992,
  "runs": 7765,
  "last_run": "2026-04-09T19:59:17.220510"
}