{
  "total_tldrs": 332,
  "total_tokens": 1028655,
  "total_cost": 0.13253849999999992,
  "runs": 8772,
  "last_run": "2026-04-29T23:14:29.348340"
}