{
  "total_tldrs": 242,
  "total_tokens": 778788,
  "total_cost": 0.10165859999999988,
  "runs": 3409,
  "last_run": "2026-02-05T20:50:00.598105"
}