{
  "total_tldrs": 180,
  "total_tokens": 552574,
  "total_cost": 0.07193019999999992,
  "runs": 2206,
  "last_run": "2026-01-23T05:33:46.704427"
}