{
  "total_tldrs": 332,
  "total_tokens": 1028655,
  "total_cost": 0.13253849999999992,
  "runs": 5775,
  "last_run": "2026-03-09T23:46:22.197398"
}