{
  "total_tldrs": 133,
  "total_tokens": 381041,
  "total_cost": 0.049494499999999955,
  "runs": 1443,
  "last_run": "2026-01-15T21:03:23.007506"
}