{
  "total_tldrs": 141,
  "total_tokens": 404848,
  "total_cost": 0.05259759999999996,
  "runs": 1531,
  "last_run": "2026-01-16T16:56:32.393661"
}