{
  "total_tldrs": 332,
  "total_tokens": 1028655,
  "total_cost": 0.13253849999999992,
  "runs": 6598,
  "last_run": "2026-03-21T19:03:35.646613"
}