{
  "total_tldrs": 312,
  "total_tokens": 972779,
  "total_cost": 0.12561949999999986,
  "runs": 4670,
  "last_run": "2026-02-23T11:21:55.017527"
}