{
  "total_tldrs": 330,
  "total_tokens": 1022456,
  "total_cost": 0.1318228999999999,
  "runs": 5115,
  "last_run": "2026-03-01T13:58:42.448452"
}