{
  "total_tldrs": 270,
  "total_tokens": 843928,
  "total_cost": 0.10982439999999984,
  "runs": 3779,
  "last_run": "2026-02-11T03:42:15.249105"
}