{
  "total_tldrs": 177,
  "total_tokens": 532872,
  "total_cost": 0.06947819999999992,
  "runs": 2147,
  "last_run": "2026-01-22T14:17:53.732449"
}