{
  "total_tldrs": 332,
  "total_tokens": 1028655,
  "total_cost": 0.13253849999999992,
  "runs": 5959,
  "last_run": "2026-03-12T17:59:44.588431"
}