{
  "total_tldrs": 218,
  "total_tokens": 727732,
  "total_cost": 0.09507759999999987,
  "runs": 2964,
  "last_run": "2026-01-30T20:57:26.815724"
}