{
  "total_tldrs": 214,
  "total_tokens": 715732,
  "total_cost": 0.09344949999999988,
  "runs": 2939,
  "last_run": "2026-01-30T14:08:45.196813"
}