{
  "total_tldrs": 332,
  "total_tokens": 1028655,
  "total_cost": 0.13253849999999992,
  "runs": 8035,
  "last_run": "2026-04-14T15:01:30.181240"
}