{
  "total_tldrs": 332,
  "total_tokens": 1028655,
  "total_cost": 0.13253849999999992,
  "runs": 8907,
  "last_run": "2026-05-02T23:54:13.650505"
}