{
  "total_tldrs": 332,
  "total_tokens": 1028655,
  "total_cost": 0.13253849999999992,
  "runs": 7012,
  "last_run": "2026-03-28T06:08:06.747462"
}