{
  "total_tldrs": 332,
  "total_tokens": 1028655,
  "total_cost": 0.13253849999999992,
  "runs": 8220,
  "last_run": "2026-04-18T11:52:24.933815"
}