{
  "total_tldrs": 332,
  "total_tokens": 1028655,
  "total_cost": 0.13253849999999992,
  "runs": 8089,
  "last_run": "2026-04-15T19:03:14.613753"
}