{
  "total_tldrs": 179,
  "total_tokens": 544539,
  "total_cost": 0.07097489999999991,
  "runs": 2196,
  "last_run": "2026-01-23T01:10:02.635438"
}