{
  "total_tldrs": 321,
  "total_tokens": 988884,
  "total_cost": 0.12774359999999985,
  "runs": 4815,
  "last_run": "2026-02-25T21:24:05.036002"
}