{
  "total_tldrs": 332,
  "total_tokens": 1028655,
  "total_cost": 0.13253849999999992,
  "runs": 8911,
  "last_run": "2026-05-03T03:16:22.587209"
}