{
  "total_tldrs": 332,
  "total_tokens": 1028655,
  "total_cost": 0.13253849999999992,
  "runs": 8927,
  "last_run": "2026-05-03T12:52:50.412617"
}