{
  "total_tldrs": 314,
  "total_tokens": 979278,
  "total_cost": 0.12643319999999986,
  "runs": 4730,
  "last_run": "2026-02-24T11:40:26.745379"
}