{
  "total_tldrs": 332,
  "total_tokens": 1028655,
  "total_cost": 0.13253849999999992,
  "runs": 6346,
  "last_run": "2026-03-18T06:15:49.279962"
}