{
  "total_tldrs": 271,
  "total_tokens": 851031,
  "total_cost": 0.11065889999999984,
  "runs": 3784,
  "last_run": "2026-02-11T06:42:45.676980"
}