{
  "total_tldrs": 104,
  "total_tokens": 262692,
  "total_cost": 0.034206899999999985,
  "runs": 707,
  "last_run": "2026-01-09T09:42:28.841963"
}