{
  "total_tldrs": 234,
  "total_tokens": 759139,
  "total_cost": 0.09912519999999987,
  "runs": 3295,
  "last_run": "2026-02-04T05:34:21.749425"
}