{
  "total_tldrs": 332,
  "total_tokens": 1028655,
  "total_cost": 0.13253849999999992,
  "runs": 8564,
  "last_run": "2026-04-25T09:38:28.955668"
}