{
  "total_tldrs": 118,
  "total_tokens": 327803,
  "total_cost": 0.04267939999999997,
  "runs": 1124,
  "last_run": "2026-01-12T21:09:11.412993"
}