{
  "total_tldrs": 320,
  "total_tokens": 986766,
  "total_cost": 0.12745439999999986,
  "runs": 4804,
  "last_run": "2026-02-25T17:40:14.423279"
}