{
  "total_tldrs": 332,
  "total_tokens": 1028655,
  "total_cost": 0.13253849999999992,
  "runs": 6810,
  "last_run": "2026-03-24T18:31:36.121256"
}