{
  "total_tldrs": 332,
  "total_tokens": 1028655,
  "total_cost": 0.13253849999999992,
  "runs": 6867,
  "last_run": "2026-03-25T18:13:05.724104"
}