{
  "total_tldrs": 215,
  "total_tokens": 719570,
  "total_cost": 0.09395509999999987,
  "runs": 2947,
  "last_run": "2026-01-30T16:19:50.144339"
}