{
  "total_tldrs": 313,
  "total_tokens": 974531,
  "total_cost": 0.12590239999999986,
  "runs": 4700,
  "last_run": "2026-02-23T22:26:58.803952"
}