{
  "total_tldrs": 326,
  "total_tokens": 1013214,
  "total_cost": 0.1306247999999999,
  "runs": 4979,
  "last_run": "2026-02-28T06:54:45.502945"
}