{
  "total_tldrs": 251,
  "total_tokens": 797297,
  "total_cost": 0.10407589999999987,
  "runs": 3542,
  "last_run": "2026-02-07T15:01:33.825054"
}