{
  "total_tldrs": 241,
  "total_tokens": 777371,
  "total_cost": 0.10147309999999987,
  "runs": 3390,
  "last_run": "2026-02-05T14:53:30.227190"
}