{
  "total_tldrs": 332,
  "total_tokens": 1028655,
  "total_cost": 0.13253849999999992,
  "runs": 5309,
  "last_run": "2026-03-04T03:11:10.048513"
}