{
  "total_tldrs": 179,
  "total_tokens": 543528,
  "total_cost": 0.07084229999999991,
  "runs": 2194,
  "last_run": "2026-01-22T23:59:38.810657"
}