{
  "total_tldrs": 332,
  "total_tokens": 1028655,
  "total_cost": 0.13253849999999992,
  "runs": 8668,
  "last_run": "2026-04-27T01:13:55.874346"
}