{
  "total_tldrs": 332,
  "total_tokens": 1028655,
  "total_cost": 0.13253849999999992,
  "runs": 8995,
  "last_run": "2026-05-05T01:46:48.567741"
}