{
  "total_tldrs": 332,
  "total_tokens": 1028655,
  "total_cost": 0.13253849999999992,
  "runs": 8457,
  "last_run": "2026-04-22T23:04:10.034394"
}