{
  "total_tldrs": 332,
  "total_tokens": 1028655,
  "total_cost": 0.13253849999999992,
  "runs": 8411,
  "last_run": "2026-04-21T22:43:11.682488"
}