{
  "total_tldrs": 94,
  "total_tokens": 237040,
  "total_cost": 0.030880899999999996,
  "runs": 620,
  "last_run": "2026-01-08T14:00:40.561605"
}