{
  "total_tldrs": 225,
  "total_tokens": 740411,
  "total_cost": 0.09673609999999987,
  "runs": 3053,
  "last_run": "2026-01-31T19:32:27.499987"
}