{
  "total_tldrs": 332,
  "total_tokens": 1028655,
  "total_cost": 0.13253849999999992,
  "runs": 5984,
  "last_run": "2026-03-13T00:48:31.292761"
}