{
  "total_tldrs": 332,
  "total_tokens": 1028655,
  "total_cost": 0.13253849999999992,
  "runs": 8471,
  "last_run": "2026-04-23T09:06:17.578820"
}