{
  "total_tldrs": 332,
  "total_tokens": 1028655,
  "total_cost": 0.13253849999999992,
  "runs": 8202,
  "last_run": "2026-04-18T05:21:20.922152"
}