{
  "total_tldrs": 332,
  "total_tokens": 1028655,
  "total_cost": 0.13253849999999992,
  "runs": 7456,
  "last_run": "2026-04-04T11:46:39.638574"
}