{
  "total_tldrs": 323,
  "total_tokens": 999097,
  "total_cost": 0.1288995999999999,
  "runs": 4947,
  "last_run": "2026-02-27T20:44:04.972414"
}