{
  "total_tldrs": 208,
  "total_tokens": 680841,
  "total_cost": 0.08883209999999987,
  "runs": 2809,
  "last_run": "2026-01-28T19:56:41.280606"
}