{
  "total_tldrs": 153,
  "total_tokens": 445364,
  "total_cost": 0.057916999999999955,
  "runs": 1721,
  "last_run": "2026-01-18T06:51:20.205261"
}