{
  "total_tldrs": 184,
  "total_tokens": 561491,
  "total_cost": 0.07310539999999992,
  "runs": 2260,
  "last_run": "2026-01-23T17:13:48.196537"
}