{
  "total_tldrs": 332,
  "total_tokens": 1028655,
  "total_cost": 0.13253849999999992,
  "runs": 7926,
  "last_run": "2026-04-12T11:35:51.345411"
}