{
  "total_tldrs": 225,
  "total_tokens": 740411,
  "total_cost": 0.09673609999999987,
  "runs": 3036,
  "last_run": "2026-01-31T15:56:01.672001"
}