{
  "total_tldrs": 332,
  "total_tokens": 1028655,
  "total_cost": 0.13253849999999992,
  "runs": 8656,
  "last_run": "2026-04-26T21:18:56.891060"
}