{
  "total_tldrs": 332,
  "total_tokens": 1028655,
  "total_cost": 0.13253849999999992,
  "runs": 8729,
  "last_run": "2026-04-28T20:25:58.539365"
}