{
  "total_tldrs": 332,
  "total_tokens": 1028655,
  "total_cost": 0.13253849999999992,
  "runs": 8892,
  "last_run": "2026-05-02T18:53:10.665130"
}