{
  "total_tldrs": 145,
  "total_tokens": 420632,
  "total_cost": 0.054652099999999953,
  "runs": 1599,
  "last_run": "2026-01-17T07:38:49.450373"
}