{
  "total_tldrs": 331,
  "total_tokens": 1024394,
  "total_cost": 0.1320553999999999,
  "runs": 5165,
  "last_run": "2026-03-01T23:21:19.704729"
}