{
  "total_tldrs": 319,
  "total_tokens": 984972,
  "total_cost": 0.12723899999999985,
  "runs": 4794,
  "last_run": "2026-02-25T13:20:59.106066"
}