{
  "total_tldrs": 332,
  "total_tokens": 1028655,
  "total_cost": 0.13253849999999992,
  "runs": 7208,
  "last_run": "2026-03-31T03:38:55.532521"
}