{
  "total_tldrs": 297,
  "total_tokens": 929048,
  "total_cost": 0.12027589999999987,
  "runs": 4290,
  "last_run": "2026-02-18T11:46:58.418227"
}