{
  "total_tldrs": 332,
  "total_tokens": 1028655,
  "total_cost": 0.13253849999999992,
  "runs": 8281,
  "last_run": "2026-04-19T11:03:37.601542"
}