{
  "total_tldrs": 332,
  "total_tokens": 1028655,
  "total_cost": 0.13253849999999992,
  "runs": 7933,
  "last_run": "2026-04-12T14:03:31.883096"
}