{
  "total_tldrs": 205,
  "total_tokens": 661031,
  "total_cost": 0.08618779999999984,
  "runs": 2741,
  "last_run": "2026-01-28T03:59:51.246346"
}