{
  "total_tldrs": 332,
  "total_tokens": 1028655,
  "total_cost": 0.13253849999999992,
  "runs": 6096,
  "last_run": "2026-03-14T14:15:11.778237"
}