{
  "total_tldrs": 332,
  "total_tokens": 1028655,
  "total_cost": 0.13253849999999992,
  "runs": 8200,
  "last_run": "2026-04-18T03:42:46.735471"
}