{
  "total_tldrs": 332,
  "total_tokens": 1028655,
  "total_cost": 0.13253849999999992,
  "runs": 6991,
  "last_run": "2026-03-27T21:07:29.315056"
}