{
  "total_tldrs": 332,
  "total_tokens": 1028655,
  "total_cost": 0.13253849999999992,
  "runs": 8129,
  "last_run": "2026-04-16T17:53:23.578464"
}