{
  "total_tldrs": 300,
  "total_tokens": 932656,
  "total_cost": 0.12079749999999988,
  "runs": 4315,
  "last_run": "2026-02-18T21:19:44.622851"
}