{
  "total_tldrs": 332,
  "total_tokens": 1028655,
  "total_cost": 0.13253849999999992,
  "runs": 8622,
  "last_run": "2026-04-26T09:37:52.583646"
}