{
  "total_tldrs": 332,
  "total_tokens": 1028655,
  "total_cost": 0.13253849999999992,
  "runs": 5525,
  "last_run": "2026-03-07T07:19:19.404700"
}