{
  "total_tldrs": 332,
  "total_tokens": 1028655,
  "total_cost": 0.13253849999999992,
  "runs": 7271,
  "last_run": "2026-04-01T10:03:25.478597"
}