{
  "total_tldrs": 195,
  "total_tokens": 603317,
  "total_cost": 0.07864699999999988,
  "runs": 2524,
  "last_run": "2026-01-25T21:01:13.362840"
}