{
  "total_tldrs": 332,
  "total_tokens": 1028655,
  "total_cost": 0.13253849999999992,
  "runs": 7258,
  "last_run": "2026-04-01T00:59:14.582093"
}