{
  "total_tldrs": 172,
  "total_tokens": 518020,
  "total_cost": 0.06751689999999991,
  "runs": 2103,
  "last_run": "2026-01-22T01:39:19.775224"
}