{
  "total_tldrs": 332,
  "total_tokens": 1028655,
  "total_cost": 0.13253849999999992,
  "runs": 8423,
  "last_run": "2026-04-22T06:18:46.140885"
}