{
  "total_tldrs": 314,
  "total_tokens": 979278,
  "total_cost": 0.12643319999999986,
  "runs": 4735,
  "last_run": "2026-02-24T13:45:31.933690"
}