{
  "total_tldrs": 290,
  "total_tokens": 910839,
  "total_cost": 0.11795699999999984,
  "runs": 4136,
  "last_run": "2026-02-16T00:01:52.282814"
}