{
  "total_tldrs": 332,
  "total_tokens": 1028655,
  "total_cost": 0.13253849999999992,
  "runs": 7133,
  "last_run": "2026-03-29T18:58:19.509865"
}