{
  "total_tldrs": 296,
  "total_tokens": 924157,
  "total_cost": 0.11967939999999987,
  "runs": 4251,
  "last_run": "2026-02-17T20:21:23.539265"
}