{
  "total_tldrs": 332,
  "total_tokens": 1028655,
  "total_cost": 0.13253849999999992,
  "runs": 6816,
  "last_run": "2026-03-24T20:39:31.092578"
}