{
  "total_tldrs": 113,
  "total_tokens": 297317,
  "total_cost": 0.038711899999999966,
  "runs": 1037,
  "last_run": "2026-01-11T23:43:17.968618"
}