{
  "total_tldrs": 332,
  "total_tokens": 1028655,
  "total_cost": 0.13253849999999992,
  "runs": 8489,
  "last_run": "2026-04-23T19:38:37.937177"
}