{
  "total_tldrs": 109,
  "total_tokens": 277030,
  "total_cost": 0.03615639999999999,
  "runs": 886,
  "last_run": "2026-01-10T19:53:11.771819"
}