{
  "total_tldrs": 328,
  "total_tokens": 1019650,
  "total_cost": 0.13143369999999993,
  "runs": 5097,
  "last_run": "2026-03-01T10:01:19.759086"
}