{
  "total_tldrs": 315,
  "total_tokens": 980071,
  "total_cost": 0.12653949999999986,
  "runs": 4742,
  "last_run": "2026-02-24T16:41:52.484558"
}