{
  "total_tldrs": 332,
  "total_tokens": 1028655,
  "total_cost": 0.13253849999999992,
  "runs": 6061,
  "last_run": "2026-03-14T05:03:23.350210"
}