{
  "total_tldrs": 232,
  "total_tokens": 756977,
  "total_cost": 0.09882019999999987,
  "runs": 3257,
  "last_run": "2026-02-03T15:30:17.218464"
}