{
  "total_tldrs": 332,
  "total_tokens": 1028655,
  "total_cost": 0.13253849999999992,
  "runs": 5619,
  "last_run": "2026-03-08T05:15:40.528540"
}