{
  "total_tldrs": 149,
  "total_tokens": 428184,
  "total_cost": 0.055662299999999956,
  "runs": 1641,
  "last_run": "2026-01-17T14:47:49.643184"
}