{
  "total_tldrs": 332,
  "total_tokens": 1028655,
  "total_cost": 0.13253849999999992,
  "runs": 9280,
  "last_run": "2026-05-12T16:54:24.822439"
}