{
  "total_tldrs": 185,
  "total_tokens": 565326,
  "total_cost": 0.07362419999999992,
  "runs": 2286,
  "last_run": "2026-01-23T22:05:15.220300"
}