{
  "total_tldrs": 211,
  "total_tokens": 695645,
  "total_cost": 0.09077929999999988,
  "runs": 2857,
  "last_run": "2026-01-29T11:56:33.264342"
}