{
  "total_tldrs": 198,
  "total_tokens": 633942,
  "total_cost": 0.08264699999999987,
  "runs": 2673,
  "last_run": "2026-01-27T10:57:26.731234"
}