{
  "total_tldrs": 332,
  "total_tokens": 1028655,
  "total_cost": 0.13253849999999992,
  "runs": 8103,
  "last_run": "2026-04-16T00:05:14.222984"
}