{
  "total_tldrs": 332,
  "total_tokens": 1028655,
  "total_cost": 0.13253849999999992,
  "runs": 8424,
  "last_run": "2026-04-22T07:02:11.706935"
}