{
  "total_tldrs": 218,
  "total_tokens": 730998,
  "total_cost": 0.09550259999999988,
  "runs": 2981,
  "last_run": "2026-01-31T00:44:02.693490"
}