{
  "total_tldrs": 123,
  "total_tokens": 349587,
  "total_cost": 0.04552739999999997,
  "runs": 1213,
  "last_run": "2026-01-13T18:01:23.324169"
}