{
  "total_tldrs": 285,
  "total_tokens": 901458,
  "total_cost": 0.11675069999999983,
  "runs": 3972,
  "last_run": "2026-02-14T07:20:34.279043"
}