{
  "total_tldrs": 110,
  "total_tokens": 288541,
  "total_cost": 0.03757779999999998,
  "runs": 953,
  "last_run": "2026-01-11T09:56:03.849801"
}