{
  "total_tldrs": 332,
  "total_tokens": 1028655,
  "total_cost": 0.13253849999999992,
  "runs": 6356,
  "last_run": "2026-03-18T10:14:50.703270"
}