{
  "total_tldrs": 280,
  "total_tokens": 887111,
  "total_cost": 0.11501659999999984,
  "runs": 3898,
  "last_run": "2026-02-13T03:38:29.047012"
}