{
  "total_tldrs": 332,
  "total_tokens": 1028655,
  "total_cost": 0.13253849999999992,
  "runs": 5928,
  "last_run": "2026-03-12T07:21:32.598184"
}