{
  "total_tldrs": 332,
  "total_tokens": 1028655,
  "total_cost": 0.13253849999999992,
  "runs": 7013,
  "last_run": "2026-03-28T06:34:02.827279"
}