{
  "total_tldrs": 214,
  "total_tokens": 714879,
  "total_cost": 0.09333359999999988,
  "runs": 2937,
  "last_run": "2026-01-30T13:29:06.434664"
}