{
  "total_tldrs": 117,
  "total_tokens": 313896,
  "total_cost": 0.04083449999999997,
  "runs": 1078,
  "last_run": "2026-01-12T11:42:39.016000"
}