{
  "total_tldrs": 139,
  "total_tokens": 398886,
  "total_cost": 0.05179139999999996,
  "runs": 1502,
  "last_run": "2026-01-16T10:54:58.263807"
}