{
  "total_tldrs": 332,
  "total_tokens": 1028655,
  "total_cost": 0.13253849999999992,
  "runs": 7429,
  "last_run": "2026-04-04T00:50:57.489807"
}