{
  "total_tldrs": 332,
  "total_tokens": 1028655,
  "total_cost": 0.13253849999999992,
  "runs": 9344,
  "last_run": "2026-05-14T19:03:25.537033"
}