{
  "total_tldrs": 211,
  "total_tokens": 692996,
  "total_cost": 0.09041629999999988,
  "runs": 2838,
  "last_run": "2026-01-29T06:03:32.390738"
}