{
  "total_tldrs": 139,
  "total_tokens": 398886,
  "total_cost": 0.05179139999999996,
  "runs": 1499,
  "last_run": "2026-01-16T10:17:40.134601"
}