{
  "total_tldrs": 101,
  "total_tokens": 255925,
  "total_cost": 0.03332049999999999,
  "runs": 686,
  "last_run": "2026-01-09T05:13:06.616226"
}