{
  "total_tldrs": 332,
  "total_tokens": 1028655,
  "total_cost": 0.13253849999999992,
  "runs": 9274,
  "last_run": "2026-05-12T11:47:19.479557"
}