{
  "total_tldrs": 332,
  "total_tokens": 1028655,
  "total_cost": 0.13253849999999992,
  "runs": 8724,
  "last_run": "2026-04-28T17:22:40.633192"
}