{
  "total_tldrs": 303,
  "total_tokens": 942171,
  "total_cost": 0.12193589999999987,
  "runs": 4394,
  "last_run": "2026-02-20T03:19:16.495817"
}