{
  "total_tldrs": 118,
  "total_tokens": 330672,
  "total_cost": 0.04305119999999997,
  "runs": 1143,
  "last_run": "2026-01-13T00:00:18.475853"
}