{
  "total_tldrs": 326,
  "total_tokens": 1008373,
  "total_cost": 0.1301037999999999,
  "runs": 4969,
  "last_run": "2026-02-28T03:42:25.896065"
}