{
  "total_tldrs": 332,
  "total_tokens": 1028655,
  "total_cost": 0.13253849999999992,
  "runs": 6749,
  "last_run": "2026-03-23T17:38:47.647146"
}