{
  "total_tldrs": 332,
  "total_tokens": 1028655,
  "total_cost": 0.13253849999999992,
  "runs": 8714,
  "last_run": "2026-04-28T09:58:44.184938"
}