{
  "total_tldrs": 195,
  "total_tokens": 611184,
  "total_cost": 0.07964219999999989,
  "runs": 2549,
  "last_run": "2026-01-26T03:46:34.686801"
}