{
  "total_tldrs": 253,
  "total_tokens": 804216,
  "total_cost": 0.10493489999999986,
  "runs": 3568,
  "last_run": "2026-02-07T20:38:39.949269"
}