{
  "total_tldrs": 115,
  "total_tokens": 308523,
  "total_cost": 0.040154999999999975,
  "runs": 1048,
  "last_run": "2026-01-12T05:00:20.841967"
}