{
  "total_tldrs": 332,
  "total_tokens": 1028655,
  "total_cost": 0.13253849999999992,
  "runs": 8354,
  "last_run": "2026-04-20T18:23:32.511893"
}