{
  "total_tldrs": 195,
  "total_tokens": 616407,
  "total_cost": 0.08031509999999988,
  "runs": 2590,
  "last_run": "2026-01-26T13:59:22.074800"
}