{
  "total_tldrs": 332,
  "total_tokens": 1028655,
  "total_cost": 0.13253849999999992,
  "runs": 8535,
  "last_run": "2026-04-24T19:34:26.454982"
}