{
  "total_tldrs": 332,
  "total_tokens": 1028655,
  "total_cost": 0.13253849999999992,
  "runs": 8936,
  "last_run": "2026-05-03T16:24:41.531147"
}