{
  "total_tldrs": 152,
  "total_tokens": 441162,
  "total_cost": 0.05739509999999996,
  "runs": 1709,
  "last_run": "2026-01-18T04:19:30.948709"
}