{
  "total_tldrs": 332,
  "total_tokens": 1028655,
  "total_cost": 0.13253849999999992,
  "runs": 7151,
  "last_run": "2026-03-29T23:29:07.962624"
}