{
  "total_tldrs": 330,
  "total_tokens": 1022456,
  "total_cost": 0.1318228999999999,
  "runs": 5126,
  "last_run": "2026-03-01T16:00:04.912543"
}