{
  "total_tldrs": 177,
  "total_tokens": 530955,
  "total_cost": 0.06921539999999991,
  "runs": 2139,
  "last_run": "2026-01-22T11:51:48.651798"
}