{
  "total_tldrs": 332,
  "total_tokens": 1028655,
  "total_cost": 0.13253849999999992,
  "runs": 8345,
  "last_run": "2026-04-20T13:57:31.485944"
}