{
  "total_tldrs": 332,
  "total_tokens": 1028655,
  "total_cost": 0.13253849999999992,
  "runs": 8823,
  "last_run": "2026-05-01T10:51:35.168493"
}