{
  "total_tldrs": 307,
  "total_tokens": 956813,
  "total_cost": 0.12376069999999986,
  "runs": 4444,
  "last_run": "2026-02-20T20:21:08.621361"
}