{
  "total_tldrs": 213,
  "total_tokens": 707073,
  "total_cost": 0.09228629999999988,
  "runs": 2914,
  "last_run": "2026-01-30T06:45:23.033623"
}