{
  "total_tldrs": 303,
  "total_tokens": 940561,
  "total_cost": 0.12175719999999987,
  "runs": 4385,
  "last_run": "2026-02-19T23:01:18.849943"
}