{
  "total_tldrs": 322,
  "total_tokens": 991366,
  "total_cost": 0.12802689999999986,
  "runs": 4852,
  "last_run": "2026-02-26T12:03:54.911062"
}