{
  "total_tldrs": 98,
  "total_tokens": 251781,
  "total_cost": 0.03275519999999999,
  "runs": 674,
  "last_run": "2026-01-08T23:50:26.674999"
}