{
  "total_tldrs": 332,
  "total_tokens": 1028655,
  "total_cost": 0.13253849999999992,
  "runs": 5946,
  "last_run": "2026-03-12T12:48:56.980405"
}