{
  "total_tldrs": 332,
  "total_tokens": 1028655,
  "total_cost": 0.13253849999999992,
  "runs": 9099,
  "last_run": "2026-05-08T02:56:48.121805"
}