{
  "total_tldrs": 118,
  "total_tokens": 328291,
  "total_cost": 0.04274379999999997,
  "runs": 1131,
  "last_run": "2026-01-12T22:17:22.157009"
}