{
  "total_tldrs": 332,
  "total_tokens": 1028655,
  "total_cost": 0.13253849999999992,
  "runs": 8381,
  "last_run": "2026-04-21T09:02:12.740315"
}