{
  "total_tldrs": 328,
  "total_tokens": 1017927,
  "total_cost": 0.13124819999999993,
  "runs": 5063,
  "last_run": "2026-02-28T22:31:24.581180"
}