{
  "total_tldrs": 88,
  "total_tokens": 221492,
  "total_cost": 0.028821499999999996,
  "runs": 566,
  "last_run": "2026-01-07T19:45:45.847815"
}