{
  "total_tldrs": 332,
  "total_tokens": 1028655,
  "total_cost": 0.13253849999999992,
  "runs": 5721,
  "last_run": "2026-03-09T06:36:48.260125"
}