{
  "total_tldrs": 332,
  "total_tokens": 1028655,
  "total_cost": 0.13253849999999992,
  "runs": 7142,
  "last_run": "2026-03-29T21:14:59.542876"
}