{
  "total_tldrs": 126,
  "total_tokens": 358497,
  "total_cost": 0.046667399999999956,
  "runs": 1311,
  "last_run": "2026-01-14T16:27:12.095587"
}