{
  "total_tldrs": 332,
  "total_tokens": 1028655,
  "total_cost": 0.13253849999999992,
  "runs": 5555,
  "last_run": "2026-03-07T13:38:28.986747"
}