{
  "total_tldrs": 218,
  "total_tokens": 730998,
  "total_cost": 0.09550259999999988,
  "runs": 2978,
  "last_run": "2026-01-30T23:39:37.416907"
}