{
  "total_tldrs": 323,
  "total_tokens": 995140,
  "total_cost": 0.12845499999999987,
  "runs": 4919,
  "last_run": "2026-02-27T12:21:55.811902"
}