{
  "total_tldrs": 332,
  "total_tokens": 1028655,
  "total_cost": 0.13253849999999992,
  "runs": 7312,
  "last_run": "2026-04-02T04:15:20.880391"
}