{
  "total_tldrs": 313,
  "total_tokens": 974531,
  "total_cost": 0.12590239999999986,
  "runs": 4690,
  "last_run": "2026-02-23T19:01:44.260223"
}