{
  "total_tldrs": 332,
  "total_tokens": 1028655,
  "total_cost": 0.13253849999999992,
  "runs": 6895,
  "last_run": "2026-03-26T06:16:54.429559"
}