{
  "total_tldrs": 326,
  "total_tokens": 1008373,
  "total_cost": 0.1301037999999999,
  "runs": 4970,
  "last_run": "2026-02-28T04:12:22.651018"
}