{
  "total_tldrs": 209,
  "total_tokens": 685868,
  "total_cost": 0.08950609999999988,
  "runs": 2828,
  "last_run": "2026-01-29T00:00:12.707441"
}