{
  "total_tldrs": 332,
  "total_tokens": 1028655,
  "total_cost": 0.13253849999999992,
  "runs": 7108,
  "last_run": "2026-03-29T11:55:50.476565"
}