{
  "total_tldrs": 332,
  "total_tokens": 1028655,
  "total_cost": 0.13253849999999992,
  "runs": 5722,
  "last_run": "2026-03-09T07:01:56.017867"
}