{
  "total_tldrs": 332,
  "total_tokens": 1028655,
  "total_cost": 0.13253849999999992,
  "runs": 9646,
  "last_run": "2026-05-23T21:52:46.767352"
}