{
  "total_tldrs": 332,
  "total_tokens": 1028655,
  "total_cost": 0.13253849999999992,
  "runs": 9472,
  "last_run": "2026-05-17T21:56:40.931429"
}