{
  "total_tldrs": 195,
  "total_tokens": 619243,
  "total_cost": 0.08069169999999988,
  "runs": 2601,
  "last_run": "2026-01-26T16:36:07.965129"
}