{
  "total_tldrs": 200,
  "total_tokens": 642854,
  "total_cost": 0.08385949999999985,
  "runs": 2710,
  "last_run": "2026-01-27T19:54:09.259355"
}