{
  "total_tldrs": 206,
  "total_tokens": 673269,
  "total_cost": 0.08780759999999986,
  "runs": 2798,
  "last_run": "2026-01-28T17:24:09.625254"
}