{
  "total_tldrs": 332,
  "total_tokens": 1028655,
  "total_cost": 0.13253849999999992,
  "runs": 7211,
  "last_run": "2026-03-31T05:56:55.173712"
}