{
  "total_tldrs": 332,
  "total_tokens": 1028655,
  "total_cost": 0.13253849999999992,
  "runs": 9539,
  "last_run": "2026-05-20T09:56:38.406020"
}