{
  "total_tldrs": 175,
  "total_tokens": 526883,
  "total_cost": 0.06867139999999992,
  "runs": 2113,
  "last_run": "2026-01-22T05:57:20.770647"
}