{
  "total_tldrs": 332,
  "total_tokens": 1028655,
  "total_cost": 0.13253849999999992,
  "runs": 5743,
  "last_run": "2026-03-09T14:12:24.526592"
}