{
  "total_tldrs": 332,
  "total_tokens": 1028655,
  "total_cost": 0.13253849999999992,
  "runs": 8002,
  "last_run": "2026-04-13T20:51:04.440430"
}