{
  "total_tldrs": 332,
  "total_tokens": 1028655,
  "total_cost": 0.13253849999999992,
  "runs": 7222,
  "last_run": "2026-03-31T11:12:08.515343"
}