{
  "total_tldrs": 148,
  "total_tokens": 424920,
  "total_cost": 0.05523359999999995,
  "runs": 1630,
  "last_run": "2026-01-17T12:38:02.589104"
}