{
  "total_tldrs": 332,
  "total_tokens": 1028655,
  "total_cost": 0.13253849999999992,
  "runs": 8429,
  "last_run": "2026-04-22T10:07:34.462258"
}