{
  "total_tldrs": 171,
  "total_tokens": 517215,
  "total_cost": 0.06740849999999991,
  "runs": 2102,
  "last_run": "2026-01-22T01:01:22.941088"
}