{
  "total_tldrs": 218,
  "total_tokens": 732488,
  "total_cost": 0.09565819999999989,
  "runs": 2982,
  "last_run": "2026-01-31T01:14:49.115754"
}