{
  "total_tldrs": 330,
  "total_tokens": 1022456,
  "total_cost": 0.1318228999999999,
  "runs": 5124,
  "last_run": "2026-03-01T15:44:16.312466"
}