{
  "total_tldrs": 332,
  "total_tokens": 1028655,
  "total_cost": 0.13253849999999992,
  "runs": 7812,
  "last_run": "2026-04-10T18:02:34.986309"
}