{
  "total_tldrs": 332,
  "total_tokens": 1028655,
  "total_cost": 0.13253849999999992,
  "runs": 6760,
  "last_run": "2026-03-23T21:18:44.975824"
}