{
  "total_tldrs": 274,
  "total_tokens": 861887,
  "total_cost": 0.11192689999999986,
  "runs": 3807,
  "last_run": "2026-02-11T16:08:37.998855"
}