{
  "total_tldrs": 332,
  "total_tokens": 1028655,
  "total_cost": 0.13253849999999992,
  "runs": 7627,
  "last_run": "2026-04-06T23:08:58.918384"
}