{
  "total_tldrs": 332,
  "total_tokens": 1028655,
  "total_cost": 0.13253849999999992,
  "runs": 7737,
  "last_run": "2026-04-09T05:44:43.530557"
}