{
  "total_tldrs": 211,
  "total_tokens": 698274,
  "total_cost": 0.09114059999999988,
  "runs": 2883,
  "last_run": "2026-01-29T19:50:32.452591"
}