{
  "total_tldrs": 301,
  "total_tokens": 938056,
  "total_cost": 0.12141939999999987,
  "runs": 4366,
  "last_run": "2026-02-19T17:35:47.689397"
}