{
  "total_tldrs": 301,
  "total_tokens": 938056,
  "total_cost": 0.12141939999999987,
  "runs": 4367,
  "last_run": "2026-02-19T17:57:49.366500"
}