{
  "total_tldrs": 147,
  "total_tokens": 422408,
  "total_cost": 0.054892999999999956,
  "runs": 1617,
  "last_run": "2026-01-17T10:34:41.724604"
}