{
  "total_tldrs": 186,
  "total_tokens": 566238,
  "total_cost": 0.07375589999999992,
  "runs": 2287,
  "last_run": "2026-01-23T22:15:16.622601"
}