{
  "total_tldrs": 253,
  "total_tokens": 805354,
  "total_cost": 0.10506849999999986,
  "runs": 3571,
  "last_run": "2026-02-07T21:12:53.210046"
}