{
  "total_tldrs": 332,
  "total_tokens": 1028655,
  "total_cost": 0.13253849999999992,
  "runs": 8770,
  "last_run": "2026-04-29T22:29:49.633558"
}