{
  "total_tldrs": 332,
  "total_tokens": 1028655,
  "total_cost": 0.13253849999999992,
  "runs": 8620,
  "last_run": "2026-04-26T08:51:44.897626"
}