{
  "total_tldrs": 332,
  "total_tokens": 1028655,
  "total_cost": 0.13253849999999992,
  "runs": 7978,
  "last_run": "2026-04-13T07:43:06.103413"
}