{
  "total_tldrs": 174,
  "total_tokens": 522992,
  "total_cost": 0.06815959999999992,
  "runs": 2106,
  "last_run": "2026-01-22T03:55:47.654506"
}