{
  "total_tldrs": 191,
  "total_tokens": 586376,
  "total_cost": 0.0763924999999999,
  "runs": 2399,
  "last_run": "2026-01-24T20:08:23.748366"
}