{
  "total_tldrs": 330,
  "total_tokens": 1022456,
  "total_cost": 0.1318228999999999,
  "runs": 5121,
  "last_run": "2026-03-01T15:08:39.001595"
}