{
  "total_tldrs": 332,
  "total_tokens": 1028655,
  "total_cost": 0.13253849999999992,
  "runs": 5481,
  "last_run": "2026-03-06T17:19:28.433921"
}