{
  "total_tldrs": 332,
  "total_tokens": 1028655,
  "total_cost": 0.13253849999999992,
  "runs": 8884,
  "last_run": "2026-05-02T16:03:28.009013"
}