{
  "total_tldrs": 221,
  "total_tokens": 735405,
  "total_cost": 0.09605849999999988,
  "runs": 3006,
  "last_run": "2026-01-31T09:40:14.042808"
}