{
  "total_tldrs": 332,
  "total_tokens": 1028655,
  "total_cost": 0.13253849999999992,
  "runs": 6831,
  "last_run": "2026-03-25T01:21:40.919923"
}