{
  "total_tldrs": 268,
  "total_tokens": 840577,
  "total_cost": 0.10941669999999984,
  "runs": 3756,
  "last_run": "2026-02-10T17:28:32.314640"
}