{
  "total_tldrs": 332,
  "total_tokens": 1028655,
  "total_cost": 0.13253849999999992,
  "runs": 8116,
  "last_run": "2026-04-16T10:39:36.218080"
}