{
  "total_tldrs": 332,
  "total_tokens": 1028655,
  "total_cost": 0.13253849999999992,
  "runs": 7714,
  "last_run": "2026-04-08T18:44:10.322282"
}