{
  "total_tldrs": 191,
  "total_tokens": 589336,
  "total_cost": 0.0767928999999999,
  "runs": 2408,
  "last_run": "2026-01-24T21:35:19.905263"
}