{
  "total_tldrs": 332,
  "total_tokens": 1028655,
  "total_cost": 0.13253849999999992,
  "runs": 6709,
  "last_run": "2026-03-22T23:27:31.688617"
}