{
  "total_tldrs": 122,
  "total_tokens": 347929,
  "total_cost": 0.04527789999999997,
  "runs": 1210,
  "last_run": "2026-01-13T17:28:14.977827"
}