{
  "total_tldrs": 178,
  "total_tokens": 535354,
  "total_cost": 0.06976659999999991,
  "runs": 2151,
  "last_run": "2026-01-22T15:15:37.871157"
}