{
  "total_tldrs": 160,
  "total_tokens": 484874,
  "total_cost": 0.06318109999999995,
  "runs": 1985,
  "last_run": "2026-01-20T17:47:35.127589"
}