{
  "total_tldrs": 332,
  "total_tokens": 1028655,
  "total_cost": 0.13253849999999992,
  "runs": 8959,
  "last_run": "2026-05-04T00:21:57.656594"
}