{
  "total_tldrs": 332,
  "total_tokens": 1028655,
  "total_cost": 0.13253849999999992,
  "runs": 8842,
  "last_run": "2026-05-01T19:09:29.264013"
}