{
  "total_tldrs": 218,
  "total_tokens": 726529,
  "total_cost": 0.09491649999999988,
  "runs": 2963,
  "last_run": "2026-01-30T20:44:30.619611"
}