{
  "total_tldrs": 332,
  "total_tokens": 1028655,
  "total_cost": 0.13253849999999992,
  "runs": 6116,
  "last_run": "2026-03-14T18:54:18.280340"
}