{
  "total_tldrs": 332,
  "total_tokens": 1028655,
  "total_cost": 0.13253849999999992,
  "runs": 7192,
  "last_run": "2026-03-30T20:46:11.755099"
}