{
  "total_tldrs": 332,
  "total_tokens": 1028655,
  "total_cost": 0.13253849999999992,
  "runs": 7917,
  "last_run": "2026-04-12T08:50:52.220899"
}