{
  "total_tldrs": 332,
  "total_tokens": 1028655,
  "total_cost": 0.13253849999999992,
  "runs": 8867,
  "last_run": "2026-05-02T09:32:44.934244"
}