{
  "total_tldrs": 323,
  "total_tokens": 995140,
  "total_cost": 0.12845499999999987,
  "runs": 4925,
  "last_run": "2026-02-27T14:39:57.742623"
}