{
  "total_tldrs": 332,
  "total_tokens": 1028655,
  "total_cost": 0.13253849999999992,
  "runs": 7432,
  "last_run": "2026-04-04T03:18:24.201180"
}