{
  "total_tldrs": 332,
  "total_tokens": 1028655,
  "total_cost": 0.13253849999999992,
  "runs": 7536,
  "last_run": "2026-04-05T14:01:22.831827"
}