{
  "total_tldrs": 327,
  "total_tokens": 1016426,
  "total_cost": 0.13102999999999992,
  "runs": 5010,
  "last_run": "2026-02-28T12:48:43.860966"
}