{
  "total_tldrs": 159,
  "total_tokens": 481670,
  "total_cost": 0.06275659999999995,
  "runs": 1982,
  "last_run": "2026-01-20T17:03:21.681709"
}