{
  "total_tldrs": 312,
  "total_tokens": 972779,
  "total_cost": 0.12561949999999986,
  "runs": 4659,
  "last_run": "2026-02-23T07:12:33.701766"
}