{
  "total_tldrs": 156,
  "total_tokens": 461401,
  "total_cost": 0.06007209999999996,
  "runs": 1869,
  "last_run": "2026-01-19T13:57:59.348634"
}