{
  "total_tldrs": 158,
  "total_tokens": 469919,
  "total_cost": 0.06121669999999996,
  "runs": 1924,
  "last_run": "2026-01-20T00:24:27.078025"
}