{
  "total_tldrs": 282,
  "total_tokens": 894904,
  "total_cost": 0.11596329999999984,
  "runs": 3908,
  "last_run": "2026-02-13T08:24:17.543648"
}