{
  "total_tldrs": 332,
  "total_tokens": 1028655,
  "total_cost": 0.13253849999999992,
  "runs": 5986,
  "last_run": "2026-03-13T02:08:38.758476"
}