{
  "total_tldrs": 332,
  "total_tokens": 1028655,
  "total_cost": 0.13253849999999992,
  "runs": 6256,
  "last_run": "2026-03-16T17:28:12.464905"
}