{
  "total_tldrs": 332,
  "total_tokens": 1028655,
  "total_cost": 0.13253849999999992,
  "runs": 6791,
  "last_run": "2026-03-24T10:28:43.832000"
}