{
  "total_tldrs": 104,
  "total_tokens": 262692,
  "total_cost": 0.034206899999999985,
  "runs": 704,
  "last_run": "2026-01-09T09:00:16.477414"
}