{
  "total_tldrs": 194,
  "total_tokens": 601544,
  "total_cost": 0.07839289999999989,
  "runs": 2505,
  "last_run": "2026-01-25T17:55:02.699606"
}