{
  "total_tldrs": 111,
  "total_tokens": 290276,
  "total_cost": 0.03780289999999998,
  "runs": 1013,
  "last_run": "2026-01-11T19:56:21.084395"
}