{
  "total_tldrs": 106,
  "total_tokens": 271571,
  "total_cost": 0.03538489999999999,
  "runs": 802,
  "last_run": "2026-01-10T05:52:27.355405"
}