{
  "total_tldrs": 332,
  "total_tokens": 1028655,
  "total_cost": 0.13253849999999992,
  "runs": 5382,
  "last_run": "2026-03-05T04:03:42.760855"
}