{
  "total_tldrs": 332,
  "total_tokens": 1028655,
  "total_cost": 0.13253849999999992,
  "runs": 5669,
  "last_run": "2026-03-08T16:14:33.837247"
}