{
  "total_tldrs": 308,
  "total_tokens": 961524,
  "total_cost": 0.12429479999999986,
  "runs": 4466,
  "last_run": "2026-02-21T03:08:55.535739"
}