{
  "total_tldrs": 332,
  "total_tokens": 1028655,
  "total_cost": 0.13253849999999992,
  "runs": 9565,
  "last_run": "2026-05-21T11:17:32.791360"
}