{
  "total_tldrs": 117,
  "total_tokens": 311726,
  "total_cost": 0.04054699999999997,
  "runs": 1061,
  "last_run": "2026-01-12T07:59:00.041924"
}