{
  "total_tldrs": 178,
  "total_tokens": 537342,
  "total_cost": 0.07003439999999991,
  "runs": 2165,
  "last_run": "2026-01-22T18:45:22.578357"
}