{
  "total_tldrs": 275,
  "total_tokens": 874784,
  "total_cost": 0.11342239999999985,
  "runs": 3845,
  "last_run": "2026-02-12T07:56:52.630557"
}