{
  "total_tldrs": 231,
  "total_tokens": 753856,
  "total_cost": 0.09845259999999988,
  "runs": 3207,
  "last_run": "2026-02-02T16:09:07.530722"
}