{
  "total_tldrs": 332,
  "total_tokens": 1028655,
  "total_cost": 0.13253849999999992,
  "runs": 9751,
  "last_run": "2026-05-27T09:22:49.736119"
}