{
  "total_tldrs": 332,
  "total_tokens": 1028655,
  "total_cost": 0.13253849999999992,
  "runs": 8432,
  "last_run": "2026-04-22T11:36:18.931745"
}