{
  "total_tldrs": 332,
  "total_tokens": 1028655,
  "total_cost": 0.13253849999999992,
  "runs": 8369,
  "last_run": "2026-04-20T23:44:37.583461"
}