{
  "total_tldrs": 332,
  "total_tokens": 1028655,
  "total_cost": 0.13253849999999992,
  "runs": 8446,
  "last_run": "2026-04-22T18:39:53.789342"
}