{
  "total_tldrs": 332,
  "total_tokens": 1028655,
  "total_cost": 0.13253849999999992,
  "runs": 8797,
  "last_run": "2026-04-30T17:57:18.776935"
}