{
  "total_tldrs": 326,
  "total_tokens": 1010140,
  "total_cost": 0.1302906999999999,
  "runs": 4972,
  "last_run": "2026-02-28T05:02:11.696518"
}