{
  "total_tldrs": 221,
  "total_tokens": 735405,
  "total_cost": 0.09605849999999988,
  "runs": 3017,
  "last_run": "2026-01-31T11:43:08.034289"
}