{
  "total_tldrs": 332,
  "total_tokens": 1028655,
  "total_cost": 0.13253849999999992,
  "runs": 8158,
  "last_run": "2026-04-17T09:28:31.982343"
}