{
  "total_tldrs": 118,
  "total_tokens": 327803,
  "total_cost": 0.04267939999999997,
  "runs": 1111,
  "last_run": "2026-01-12T19:00:06.897915"
}