{
  "total_tldrs": 332,
  "total_tokens": 1028655,
  "total_cost": 0.13253849999999992,
  "runs": 6323,
  "last_run": "2026-03-17T20:20:00.946126"
}