{
  "total_tldrs": 332,
  "total_tokens": 1028655,
  "total_cost": 0.13253849999999992,
  "runs": 5443,
  "last_run": "2026-03-06T05:37:07.592903"
}