{
  "total_tldrs": 275,
  "total_tokens": 867922,
  "total_cost": 0.11266419999999987,
  "runs": 3817,
  "last_run": "2026-02-11T20:07:41.583996"
}