{
  "total_tldrs": 332,
  "total_tokens": 1028655,
  "total_cost": 0.13253849999999992,
  "runs": 9775,
  "last_run": "2026-05-28T10:32:27.600507"
}