{
  "total_tldrs": 93,
  "total_tokens": 235216,
  "total_cost": 0.030620799999999997,
  "runs": 617,
  "last_run": "2026-01-08T13:11:30.497039"
}