{
  "total_tldrs": 332,
  "total_tokens": 1028655,
  "total_cost": 0.13253849999999992,
  "runs": 8171,
  "last_run": "2026-04-17T15:32:17.226528"
}