{
  "total_tldrs": 322,
  "total_tokens": 991366,
  "total_cost": 0.12802689999999986,
  "runs": 4851,
  "last_run": "2026-02-26T11:48:39.400130"
}