{
  "total_tldrs": 229,
  "total_tokens": 748696,
  "total_cost": 0.09780549999999986,
  "runs": 3096,
  "last_run": "2026-02-01T08:44:41.067847"
}