{
  "total_tldrs": 139,
  "total_tokens": 401715,
  "total_cost": 0.05215859999999996,
  "runs": 1518,
  "last_run": "2026-01-16T14:18:21.397997"
}