{
  "total_tldrs": 127,
  "total_tokens": 360230,
  "total_cost": 0.04688869999999996,
  "runs": 1332,
  "last_run": "2026-01-14T20:40:34.948801"
}