{
  "total_tldrs": 332,
  "total_tokens": 1028655,
  "total_cost": 0.13253849999999992,
  "runs": 7442,
  "last_run": "2026-04-04T08:04:06.087669"
}