{
  "total_tldrs": 332,
  "total_tokens": 1028655,
  "total_cost": 0.13253849999999992,
  "runs": 9117,
  "last_run": "2026-05-08T14:46:38.871274"
}