{
  "total_tldrs": 261,
  "total_tokens": 822124,
  "total_cost": 0.10709919999999985,
  "runs": 3651,
  "last_run": "2026-02-08T20:11:22.223012"
}