{
  "total_tldrs": 332,
  "total_tokens": 1028655,
  "total_cost": 0.13253849999999992,
  "runs": 7726,
  "last_run": "2026-04-08T23:00:03.905820"
}