{
  "total_tldrs": 332,
  "total_tokens": 1028655,
  "total_cost": 0.13253849999999992,
  "runs": 7666,
  "last_run": "2026-04-07T19:13:29.351930"
}