{
  "total_tldrs": 332,
  "total_tokens": 1028655,
  "total_cost": 0.13253849999999992,
  "runs": 5681,
  "last_run": "2026-03-08T18:48:58.853562"
}