{
  "total_tldrs": 111,
  "total_tokens": 291193,
  "total_cost": 0.037927299999999976,
  "runs": 1019,
  "last_run": "2026-01-11T20:56:28.234177"
}