{
  "total_tldrs": 184,
  "total_tokens": 563703,
  "total_cost": 0.07340009999999991,
  "runs": 2279,
  "last_run": "2026-01-23T20:57:47.851182"
}