{
  "total_tldrs": 218,
  "total_tokens": 729248,
  "total_cost": 0.09527029999999988,
  "runs": 2969,
  "last_run": "2026-01-30T21:57:20.097506"
}