{
  "total_tldrs": 332,
  "total_tokens": 1028655,
  "total_cost": 0.13253849999999992,
  "runs": 6665,
  "last_run": "2026-03-22T14:16:06.853952"
}