{
  "total_tldrs": 332,
  "total_tokens": 1028655,
  "total_cost": 0.13253849999999992,
  "runs": 8609,
  "last_run": "2026-04-26T00:01:21.566122"
}