{
  "total_tldrs": 332,
  "total_tokens": 1028655,
  "total_cost": 0.13253849999999992,
  "runs": 9296,
  "last_run": "2026-05-13T03:06:09.668444"
}