{
  "total_tldrs": 317,
  "total_tokens": 982801,
  "total_cost": 0.12694659999999985,
  "runs": 4753,
  "last_run": "2026-02-24T20:39:24.174432"
}