{
  "total_tldrs": 332,
  "total_tokens": 1028655,
  "total_cost": 0.13253849999999992,
  "runs": 8072,
  "last_run": "2026-04-15T11:02:01.925228"
}