{
  "total_tldrs": 303,
  "total_tokens": 940561,
  "total_cost": 0.12175719999999987,
  "runs": 4392,
  "last_run": "2026-02-20T01:28:04.679550"
}