{
  "total_tldrs": 161,
  "total_tokens": 494863,
  "total_cost": 0.06446259999999995,
  "runs": 2017,
  "last_run": "2026-01-21T02:37:01.298658"
}