{
  "total_tldrs": 308,
  "total_tokens": 964121,
  "total_cost": 0.12457789999999985,
  "runs": 4497,
  "last_run": "2026-02-21T11:40:15.708950"
}