{
  "total_tldrs": 107,
  "total_tokens": 273711,
  "total_cost": 0.03571019999999999,
  "runs": 867,
  "last_run": "2026-01-10T16:55:18.933419"
}