{
  "total_tldrs": 332,
  "total_tokens": 1028655,
  "total_cost": 0.13253849999999992,
  "runs": 5747,
  "last_run": "2026-03-09T15:50:57.037136"
}