{
  "total_tldrs": 332,
  "total_tokens": 1028655,
  "total_cost": 0.13253849999999992,
  "runs": 7139,
  "last_run": "2026-03-29T20:27:24.676732"
}