{
  "total_tldrs": 130,
  "total_tokens": 370095,
  "total_cost": 0.048131399999999956,
  "runs": 1367,
  "last_run": "2026-01-15T05:29:46.442013"
}