{
  "total_tldrs": 332,
  "total_tokens": 1028655,
  "total_cost": 0.13253849999999992,
  "runs": 7663,
  "last_run": "2026-04-07T17:57:16.402714"
}