{
  "total_tldrs": 122,
  "total_tokens": 346007,
  "total_cost": 0.04502119999999997,
  "runs": 1207,
  "last_run": "2026-01-13T16:30:17.729087"
}