{
  "total_tldrs": 332,
  "total_tokens": 1028655,
  "total_cost": 0.13253849999999992,
  "runs": 7909,
  "last_run": "2026-04-12T04:52:22.591138"
}