{
  "total_tldrs": 192,
  "total_tokens": 596944,
  "total_cost": 0.07774029999999989,
  "runs": 2481,
  "last_run": "2026-01-25T13:58:44.749185"
}