{
  "total_tldrs": 329,
  "total_tokens": 1020628,
  "total_cost": 0.13156449999999992,
  "runs": 5106,
  "last_run": "2026-03-01T11:41:51.977816"
}