{
  "total_tldrs": 332,
  "total_tokens": 1028655,
  "total_cost": 0.13253849999999992,
  "runs": 6008,
  "last_run": "2026-03-13T11:06:25.548152"
}