{
  "total_tldrs": 332,
  "total_tokens": 1028655,
  "total_cost": 0.13253849999999992,
  "runs": 6138,
  "last_run": "2026-03-14T23:14:49.360929"
}