{
  "total_tldrs": 332,
  "total_tokens": 1028655,
  "total_cost": 0.13253849999999992,
  "runs": 7228,
  "last_run": "2026-03-31T13:48:32.110119"
}