{
  "total_tldrs": 107,
  "total_tokens": 274090,
  "total_cost": 0.03576309999999999,
  "runs": 870,
  "last_run": "2026-01-10T17:24:48.109242"
}