{
  "total_tldrs": 259,
  "total_tokens": 819895,
  "total_cost": 0.10679769999999986,
  "runs": 3635,
  "last_run": "2026-02-08T16:45:16.976431"
}