{
  "total_tldrs": 332,
  "total_tokens": 1028655,
  "total_cost": 0.13253849999999992,
  "runs": 9252,
  "last_run": "2026-05-11T19:22:15.358648"
}