{
  "total_tldrs": 332,
  "total_tokens": 1028655,
  "total_cost": 0.13253849999999992,
  "runs": 9605,
  "last_run": "2026-05-22T21:39:59.561964"
}