{
  "total_tldrs": 117,
  "total_tokens": 319269,
  "total_cost": 0.041554499999999966,
  "runs": 1093,
  "last_run": "2026-01-12T15:18:48.248415"
}