{
  "total_tldrs": 332,
  "total_tokens": 1028655,
  "total_cost": 0.13253849999999992,
  "runs": 7457,
  "last_run": "2026-04-04T11:56:54.301404"
}