{
  "total_tldrs": 319,
  "total_tokens": 984972,
  "total_cost": 0.12723899999999985,
  "runs": 4783,
  "last_run": "2026-02-25T09:25:58.588062"
}