{
  "total_tldrs": 332,
  "total_tokens": 1028655,
  "total_cost": 0.13253849999999992,
  "runs": 8689,
  "last_run": "2026-04-27T17:48:00.082084"
}