{
  "total_tldrs": 332,
  "total_tokens": 1028655,
  "total_cost": 0.13253849999999992,
  "runs": 8957,
  "last_run": "2026-05-03T23:42:27.893115"
}