{
  "total_tldrs": 332,
  "total_tokens": 1028655,
  "total_cost": 0.13253849999999992,
  "runs": 6290,
  "last_run": "2026-03-17T07:07:00.259286"
}