{
  "total_tldrs": 234,
  "total_tokens": 759139,
  "total_cost": 0.09912519999999987,
  "runs": 3291,
  "last_run": "2026-02-04T03:16:45.262371"
}