{
  "total_tldrs": 328,
  "total_tokens": 1017927,
  "total_cost": 0.13124819999999993,
  "runs": 5041,
  "last_run": "2026-02-28T18:47:46.828250"
}