{
  "total_tldrs": 159,
  "total_tokens": 475631,
  "total_cost": 0.06193909999999996,
  "runs": 1945,
  "last_run": "2026-01-20T07:54:05.601422"
}