{
  "total_tldrs": 316,
  "total_tokens": 981022,
  "total_cost": 0.12666189999999986,
  "runs": 4744,
  "last_run": "2026-02-24T17:35:04.897234"
}