{
  "total_tldrs": 132,
  "total_tokens": 373794,
  "total_cost": 0.04860539999999995,
  "runs": 1398,
  "last_run": "2026-01-15T11:32:52.165801"
}