{
  "total_tldrs": 332,
  "total_tokens": 1028655,
  "total_cost": 0.13253849999999992,
  "runs": 6184,
  "last_run": "2026-03-15T15:28:18.653234"
}