{
  "total_tldrs": 332,
  "total_tokens": 1028655,
  "total_cost": 0.13253849999999992,
  "runs": 8241,
  "last_run": "2026-04-18T18:24:51.618328"
}