{
  "total_tldrs": 141,
  "total_tokens": 407838,
  "total_cost": 0.05298989999999996,
  "runs": 1540,
  "last_run": "2026-01-16T18:48:21.578173"
}