{
  "total_tldrs": 332,
  "total_tokens": 1028655,
  "total_cost": 0.13253849999999992,
  "runs": 6471,
  "last_run": "2026-03-20T07:14:50.266230"
}