{
  "total_tldrs": 309,
  "total_tokens": 965587,
  "total_cost": 0.12477669999999985,
  "runs": 4528,
  "last_run": "2026-02-21T18:36:25.146429"
}