{
  "total_tldrs": 262,
  "total_tokens": 823048,
  "total_cost": 0.10721799999999986,
  "runs": 3671,
  "last_run": "2026-02-09T00:57:44.593790"
}