{
  "total_tldrs": 332,
  "total_tokens": 1028655,
  "total_cost": 0.13253849999999992,
  "runs": 9755,
  "last_run": "2026-05-27T15:28:41.017036"
}