{
  "total_tldrs": 96,
  "total_tokens": 245298,
  "total_cost": 0.031916099999999996,
  "runs": 628,
  "last_run": "2026-01-08T15:42:02.573194"
}