{
  "total_tldrs": 332,
  "total_tokens": 1028655,
  "total_cost": 0.13253849999999992,
  "runs": 5277,
  "last_run": "2026-03-03T16:06:49.838949"
}