{
  "total_tldrs": 132,
  "total_tokens": 375815,
  "total_cost": 0.04884889999999995,
  "runs": 1420,
  "last_run": "2026-01-15T16:34:11.503755"
}