{
  "total_tldrs": 152,
  "total_tokens": 437577,
  "total_cost": 0.05690789999999996,
  "runs": 1696,
  "last_run": "2026-01-17T23:05:56.011296"
}