{
  "total_tldrs": 332,
  "total_tokens": 1028655,
  "total_cost": 0.13253849999999992,
  "runs": 9079,
  "last_run": "2026-05-07T15:35:00.157307"
}