{
  "total_tldrs": 332,
  "total_tokens": 1028655,
  "total_cost": 0.13253849999999992,
  "runs": 6546,
  "last_run": "2026-03-21T07:21:17.597171"
}