{
  "total_tldrs": 332,
  "total_tokens": 1028655,
  "total_cost": 0.13253849999999992,
  "runs": 5541,
  "last_run": "2026-03-07T10:37:44.346797"
}