{
  "total_tldrs": 195,
  "total_tokens": 619243,
  "total_cost": 0.08069169999999988,
  "runs": 2608,
  "last_run": "2026-01-26T18:15:44.839674"
}