{
  "total_tldrs": 319,
  "total_tokens": 984972,
  "total_cost": 0.12723899999999985,
  "runs": 4789,
  "last_run": "2026-02-25T11:34:34.842523"
}