{
  "total_tldrs": 332,
  "total_tokens": 1028655,
  "total_cost": 0.13253849999999992,
  "runs": 9006,
  "last_run": "2026-05-05T11:13:46.536359"
}