{
  "total_tldrs": 298,
  "total_tokens": 930691,
  "total_cost": 0.12053319999999987,
  "runs": 4306,
  "last_run": "2026-02-18T18:26:25.479115"
}