{
  "total_tldrs": 262,
  "total_tokens": 824772,
  "total_cost": 0.10740179999999985,
  "runs": 3675,
  "last_run": "2026-02-09T04:30:55.158731"
}