{
  "total_tldrs": 332,
  "total_tokens": 1028655,
  "total_cost": 0.13253849999999992,
  "runs": 9653,
  "last_run": "2026-05-24T01:18:40.142604"
}