{
  "total_tldrs": 259,
  "total_tokens": 819895,
  "total_cost": 0.10679769999999986,
  "runs": 3632,
  "last_run": "2026-02-08T15:58:16.408583"
}