{
  "total_tldrs": 151,
  "total_tokens": 431111,
  "total_cost": 0.056053699999999956,
  "runs": 1662,
  "last_run": "2026-01-17T17:53:41.627013"
}