{
  "total_tldrs": 142,
  "total_tokens": 412209,
  "total_cost": 0.05357249999999996,
  "runs": 1573,
  "last_run": "2026-01-17T00:00:46.470321"
}