{
  "total_tldrs": 328,
  "total_tokens": 1017927,
  "total_cost": 0.13124819999999993,
  "runs": 5076,
  "last_run": "2026-03-01T03:26:55.320427"
}