{
  "total_tldrs": 332,
  "total_tokens": 1028655,
  "total_cost": 0.13253849999999992,
  "runs": 8066,
  "last_run": "2026-04-15T07:42:31.013033"
}