{
  "total_tldrs": 332,
  "total_tokens": 1028655,
  "total_cost": 0.13253849999999992,
  "runs": 7977,
  "last_run": "2026-04-13T07:00:31.088763"
}