{
  "total_tldrs": 118,
  "total_tokens": 320701,
  "total_cost": 0.04176519999999997,
  "runs": 1094,
  "last_run": "2026-01-12T15:34:10.643428"
}