{
  "total_tldrs": 322,
  "total_tokens": 989688,
  "total_cost": 0.12784919999999986,
  "runs": 4828,
  "last_run": "2026-02-26T00:58:54.413538"
}