{
  "total_tldrs": 332,
  "total_tokens": 1028655,
  "total_cost": 0.13253849999999992,
  "runs": 8098,
  "last_run": "2026-04-15T22:30:28.636480"
}