{
  "total_tldrs": 331,
  "total_tokens": 1024394,
  "total_cost": 0.1320553999999999,
  "runs": 5159,
  "last_run": "2026-03-01T22:10:14.121046"
}