{
  "total_tldrs": 332,
  "total_tokens": 1028655,
  "total_cost": 0.13253849999999992,
  "runs": 7651,
  "last_run": "2026-04-07T12:06:19.120302"
}