{
  "total_tldrs": 323,
  "total_tokens": 996017,
  "total_cost": 0.12855769999999989,
  "runs": 4929,
  "last_run": "2026-02-27T15:54:35.912325"
}