{
  "total_tldrs": 332,
  "total_tokens": 1028655,
  "total_cost": 0.13253849999999992,
  "runs": 6303,
  "last_run": "2026-03-17T11:53:04.914822"
}