{
  "total_tldrs": 332,
  "total_tokens": 1028655,
  "total_cost": 0.13253849999999992,
  "runs": 5877,
  "last_run": "2026-03-11T12:44:46.929321"
}