{
  "total_tldrs": 327,
  "total_tokens": 1016426,
  "total_cost": 0.13102999999999992,
  "runs": 5013,
  "last_run": "2026-02-28T13:43:24.376522"
}