{
  "total_tldrs": 332,
  "total_tokens": 1028655,
  "total_cost": 0.13253849999999992,
  "runs": 6224,
  "last_run": "2026-03-16T00:12:23.261932"
}