{
  "total_tldrs": 332,
  "total_tokens": 1028655,
  "total_cost": 0.13253849999999992,
  "runs": 5843,
  "last_run": "2026-03-10T23:21:45.457688"
}