{
  "total_tldrs": 206,
  "total_tokens": 672025,
  "total_cost": 0.08763759999999986,
  "runs": 2794,
  "last_run": "2026-01-28T17:03:56.371730"
}