{
  "total_tldrs": 332,
  "total_tokens": 1028655,
  "total_cost": 0.13253849999999992,
  "runs": 6756,
  "last_run": "2026-03-23T20:07:21.412472"
}