{
  "total_tldrs": 252,
  "total_tokens": 798421,
  "total_cost": 0.10423359999999987,
  "runs": 3546,
  "last_run": "2026-02-07T15:50:59.321911"
}