{
  "total_tldrs": 332,
  "total_tokens": 1028655,
  "total_cost": 0.13253849999999992,
  "runs": 6923,
  "last_run": "2026-03-26T18:51:09.899438"
}