{
  "total_tldrs": 207,
  "total_tokens": 679913,
  "total_cost": 0.08869969999999987,
  "runs": 2806,
  "last_run": "2026-01-28T19:18:36.251046"
}