{
  "total_tldrs": 332,
  "total_tokens": 1028655,
  "total_cost": 0.13253849999999992,
  "runs": 9435,
  "last_run": "2026-05-17T00:39:21.332761"
}