{
  "total_tldrs": 96,
  "total_tokens": 246689,
  "total_cost": 0.03210349999999999,
  "runs": 633,
  "last_run": "2026-01-08T16:45:33.453755"
}