{
  "total_tldrs": 322,
  "total_tokens": 989688,
  "total_cost": 0.12784919999999986,
  "runs": 4826,
  "last_run": "2026-02-25T23:57:22.558930"
}