{
  "total_tldrs": 332,
  "total_tokens": 1028655,
  "total_cost": 0.13253849999999992,
  "runs": 5994,
  "last_run": "2026-03-13T06:41:57.649544"
}