{
  "total_tldrs": 332,
  "total_tokens": 1028655,
  "total_cost": 0.13253849999999992,
  "runs": 6564,
  "last_run": "2026-03-21T11:21:19.706710"
}