{
  "total_tldrs": 163,
  "total_tokens": 500762,
  "total_cost": 0.06525919999999993,
  "runs": 2057,
  "last_run": "2026-01-21T13:01:24.845135"
}