{
  "total_tldrs": 156,
  "total_tokens": 462443,
  "total_cost": 0.06021499999999996,
  "runs": 1882,
  "last_run": "2026-01-19T16:45:28.607283"
}