{
  "total_tldrs": 332,
  "total_tokens": 1028655,
  "total_cost": 0.13253849999999992,
  "runs": 9639,
  "last_run": "2026-05-23T18:58:34.296661"
}