{
  "total_tldrs": 313,
  "total_tokens": 974531,
  "total_cost": 0.12590239999999986,
  "runs": 4692,
  "last_run": "2026-02-23T19:55:46.641056"
}