{
  "total_tldrs": 232,
  "total_tokens": 756977,
  "total_cost": 0.09882019999999987,
  "runs": 3258,
  "last_run": "2026-02-03T15:52:54.764094"
}