{
  "total_tldrs": 332,
  "total_tokens": 1028655,
  "total_cost": 0.13253849999999992,
  "runs": 8924,
  "last_run": "2026-05-03T11:41:03.920003"
}