{
  "total_tldrs": 332,
  "total_tokens": 1028655,
  "total_cost": 0.13253849999999992,
  "runs": 8169,
  "last_run": "2026-04-17T14:39:08.408041"
}