{
  "total_tldrs": 186,
  "total_tokens": 566238,
  "total_cost": 0.07375589999999992,
  "runs": 2288,
  "last_run": "2026-01-23T22:28:41.792393"
}