{
  "total_tldrs": 331,
  "total_tokens": 1027719,
  "total_cost": 0.13241309999999992,
  "runs": 5240,
  "last_run": "2026-03-03T01:29:30.782708"
}