{
  "total_tldrs": 286,
  "total_tokens": 902297,
  "total_cost": 0.11686159999999983,
  "runs": 3997,
  "last_run": "2026-02-14T12:57:50.848909"
}