{
  "total_tldrs": 191,
  "total_tokens": 590959,
  "total_cost": 0.0770127999999999,
  "runs": 2426,
  "last_run": "2026-01-25T00:45:47.457134"
}