{
  "total_tldrs": 229,
  "total_tokens": 748696,
  "total_cost": 0.09780549999999986,
  "runs": 3161,
  "last_run": "2026-02-01T22:44:53.893653"
}