{
  "total_tldrs": 332,
  "total_tokens": 1028655,
  "total_cost": 0.13253849999999992,
  "runs": 9789,
  "last_run": "2026-05-28T23:45:10.230701"
}