{
  "total_tldrs": 111,
  "total_tokens": 291193,
  "total_cost": 0.037927299999999976,
  "runs": 1015,
  "last_run": "2026-01-11T20:17:15.130804"
}