{
  "total_tldrs": 178,
  "total_tokens": 538091,
  "total_cost": 0.07013149999999992,
  "runs": 2166,
  "last_run": "2026-01-22T18:59:58.756574"
}