{
  "total_tldrs": 332,
  "total_tokens": 1028655,
  "total_cost": 0.13253849999999992,
  "runs": 7177,
  "last_run": "2026-03-30T14:46:02.168904"
}