{
  "total_tldrs": 332,
  "total_tokens": 1028655,
  "total_cost": 0.13253849999999992,
  "runs": 5886,
  "last_run": "2026-03-11T16:12:23.114347"
}