{
  "total_tldrs": 332,
  "total_tokens": 1028655,
  "total_cost": 0.13253849999999992,
  "runs": 7235,
  "last_run": "2026-03-31T17:04:25.250442"
}