{
  "total_tldrs": 322,
  "total_tokens": 991366,
  "total_cost": 0.12802689999999986,
  "runs": 4865,
  "last_run": "2026-02-26T17:26:19.990353"
}