{
  "total_tldrs": 332,
  "total_tokens": 1028655,
  "total_cost": 0.13253849999999992,
  "runs": 8738,
  "last_run": "2026-04-29T00:03:52.678582"
}