{
  "total_tldrs": 332,
  "total_tokens": 1028655,
  "total_cost": 0.13253849999999992,
  "runs": 8989,
  "last_run": "2026-05-04T22:45:51.634860"
}