{
  "total_tldrs": 195,
  "total_tokens": 608226,
  "total_cost": 0.07929119999999988,
  "runs": 2546,
  "last_run": "2026-01-26T01:21:21.710570"
}