{
  "total_tldrs": 332,
  "total_tokens": 1028655,
  "total_cost": 0.13253849999999992,
  "runs": 8601,
  "last_run": "2026-04-25T21:52:51.578005"
}