{
  "total_tldrs": 332,
  "total_tokens": 1028655,
  "total_cost": 0.13253849999999992,
  "runs": 7703,
  "last_run": "2026-04-08T13:01:25.623995"
}