{
  "total_tldrs": 332,
  "total_tokens": 1028655,
  "total_cost": 0.13253849999999992,
  "runs": 8940,
  "last_run": "2026-05-03T17:50:21.602269"
}