{
  "total_tldrs": 126,
  "total_tokens": 359317,
  "total_cost": 0.046770399999999955,
  "runs": 1314,
  "last_run": "2026-01-14T17:13:53.707535"
}