{
  "total_tldrs": 171,
  "total_tokens": 512950,
  "total_cost": 0.06684789999999992,
  "runs": 2088,
  "last_run": "2026-01-21T21:37:10.009858"
}