{
  "total_tldrs": 332,
  "total_tokens": 1028655,
  "total_cost": 0.13253849999999992,
  "runs": 5892,
  "last_run": "2026-03-11T18:28:36.934434"
}