{
  "total_tldrs": 159,
  "total_tokens": 478371,
  "total_cost": 0.06230699999999996,
  "runs": 1964,
  "last_run": "2026-01-20T11:59:39.799260"
}