{
  "total_tldrs": 332,
  "total_tokens": 1028655,
  "total_cost": 0.13253849999999992,
  "runs": 6970,
  "last_run": "2026-03-27T13:48:17.439824"
}