{
  "total_tldrs": 332,
  "total_tokens": 1028655,
  "total_cost": 0.13253849999999992,
  "runs": 8882,
  "last_run": "2026-05-02T15:25:45.931058"
}