{
  "total_tldrs": 224,
  "total_tokens": 739118,
  "total_cost": 0.09655609999999987,
  "runs": 3032,
  "last_run": "2026-01-31T15:10:25.430612"
}