{
  "total_tldrs": 332,
  "total_tokens": 1028655,
  "total_cost": 0.13253849999999992,
  "runs": 8359,
  "last_run": "2026-04-20T20:24:47.381682"
}