{
  "total_tldrs": 321,
  "total_tokens": 988884,
  "total_cost": 0.12774359999999985,
  "runs": 4819,
  "last_run": "2026-02-25T22:19:56.637102"
}