{
  "total_tldrs": 195,
  "total_tokens": 611184,
  "total_cost": 0.07964219999999989,
  "runs": 2553,
  "last_run": "2026-01-26T05:21:41.637513"
}