{
  "total_tldrs": 114,
  "total_tokens": 300709,
  "total_cost": 0.03917589999999997,
  "runs": 1042,
  "last_run": "2026-01-12T01:31:11.815144"
}