{
  "total_tldrs": 332,
  "total_tokens": 1028655,
  "total_cost": 0.13253849999999992,
  "runs": 8732,
  "last_run": "2026-04-28T21:42:54.231233"
}