{
  "total_tldrs": 154,
  "total_tokens": 450093,
  "total_cost": 0.058572599999999954,
  "runs": 1762,
  "last_run": "2026-01-18T13:54:31.612390"
}