{
  "total_tldrs": 332,
  "total_tokens": 1028655,
  "total_cost": 0.13253849999999992,
  "runs": 8251,
  "last_run": "2026-04-18T21:20:15.317187"
}