{
  "total_tldrs": 232,
  "total_tokens": 756977,
  "total_cost": 0.09882019999999987,
  "runs": 3255,
  "last_run": "2026-02-03T14:49:30.595361"
}