{
  "total_tldrs": 332,
  "total_tokens": 1028655,
  "total_cost": 0.13253849999999992,
  "runs": 8725,
  "last_run": "2026-04-28T17:58:48.078889"
}