{
  "total_tldrs": 323,
  "total_tokens": 995140,
  "total_cost": 0.12845499999999987,
  "runs": 4912,
  "last_run": "2026-02-27T10:21:32.237359"
}