{
  "total_tldrs": 332,
  "total_tokens": 1028655,
  "total_cost": 0.13253849999999992,
  "runs": 8491,
  "last_run": "2026-04-23T20:30:30.971718"
}