{
  "total_tldrs": 332,
  "total_tokens": 1028655,
  "total_cost": 0.13253849999999992,
  "runs": 5568,
  "last_run": "2026-03-07T16:12:19.327211"
}