{
  "total_tldrs": 269,
  "total_tokens": 841426,
  "total_cost": 0.10953189999999983,
  "runs": 3768,
  "last_run": "2026-02-10T22:01:43.795355"
}