{
  "total_tldrs": 128,
  "total_tokens": 364776,
  "total_cost": 0.04744769999999996,
  "runs": 1358,
  "last_run": "2026-01-15T03:11:47.384135"
}