{
  "total_tldrs": 169,
  "total_tokens": 509677,
  "total_cost": 0.06642339999999992,
  "runs": 2070,
  "last_run": "2026-01-21T16:35:57.094373"
}