{
  "total_tldrs": 229,
  "total_tokens": 748696,
  "total_cost": 0.09780549999999986,
  "runs": 3137,
  "last_run": "2026-02-01T17:56:04.079154"
}