{
  "total_tldrs": 314,
  "total_tokens": 977764,
  "total_cost": 0.12627279999999985,
  "runs": 4705,
  "last_run": "2026-02-23T23:54:42.884037"
}