{
  "total_tldrs": 311,
  "total_tokens": 969610,
  "total_cost": 0.12526629999999986,
  "runs": 4571,
  "last_run": "2026-02-22T07:42:58.306729"
}