{
  "total_tldrs": 258,
  "total_tokens": 816906,
  "total_cost": 0.10645889999999986,
  "runs": 3617,
  "last_run": "2026-02-08T12:00:23.810244"
}