{
  "total_tldrs": 290,
  "total_tokens": 910839,
  "total_cost": 0.11795699999999984,
  "runs": 4127,
  "last_run": "2026-02-15T22:13:01.124228"
}