{
  "total_tldrs": 191,
  "total_tokens": 587213,
  "total_cost": 0.0765025999999999,
  "runs": 2405,
  "last_run": "2026-01-24T21:04:48.628657"
}