{
  "total_tldrs": 332,
  "total_tokens": 1028655,
  "total_cost": 0.13253849999999992,
  "runs": 8378,
  "last_run": "2026-04-21T07:04:05.905554"
}