{
  "total_tldrs": 94,
  "total_tokens": 237938,
  "total_cost": 0.030976699999999996,
  "runs": 622,
  "last_run": "2026-01-08T14:26:08.174061"
}