{
  "total_tldrs": 332,
  "total_tokens": 1028655,
  "total_cost": 0.13253849999999992,
  "runs": 9534,
  "last_run": "2026-05-20T03:21:04.882488"
}