{
  "total_tldrs": 332,
  "total_tokens": 1028655,
  "total_cost": 0.13253849999999992,
  "runs": 5315,
  "last_run": "2026-03-04T06:03:46.675422"
}