{
  "total_tldrs": 141,
  "total_tokens": 405509,
  "total_cost": 0.05268589999999996,
  "runs": 1536,
  "last_run": "2026-01-16T17:54:14.651286"
}