{
  "total_tldrs": 253,
  "total_tokens": 802291,
  "total_cost": 0.10472319999999986,
  "runs": 3560,
  "last_run": "2026-02-07T19:03:54.720562"
}