{
  "total_tldrs": 323,
  "total_tokens": 995140,
  "total_cost": 0.12845499999999987,
  "runs": 4910,
  "last_run": "2026-02-27T09:46:33.581822"
}