{
  "total_tldrs": 199,
  "total_tokens": 637541,
  "total_cost": 0.08312689999999986,
  "runs": 2694,
  "last_run": "2026-01-27T16:09:47.037540"
}