{
  "total_tldrs": 332,
  "total_tokens": 1028655,
  "total_cost": 0.13253849999999992,
  "runs": 5913,
  "last_run": "2026-03-11T23:39:31.904445"
}