{
  "total_tldrs": 332,
  "total_tokens": 1028655,
  "total_cost": 0.13253849999999992,
  "runs": 8573,
  "last_run": "2026-04-25T12:40:48.387909"
}