{
  "total_tldrs": 332,
  "total_tokens": 1028655,
  "total_cost": 0.13253849999999992,
  "runs": 6847,
  "last_run": "2026-03-25T09:47:40.883977"
}