{
  "total_tldrs": 198,
  "total_tokens": 634934,
  "total_cost": 0.08278009999999987,
  "runs": 2690,
  "last_run": "2026-01-27T15:17:19.890827"
}