{
  "total_tldrs": 332,
  "total_tokens": 1028655,
  "total_cost": 0.13253849999999992,
  "runs": 9708,
  "last_run": "2026-05-25T17:50:48.142566"
}