{
  "total_tldrs": 104,
  "total_tokens": 263200,
  "total_cost": 0.03427719999999999,
  "runs": 721,
  "last_run": "2026-01-09T12:01:48.378857"
}