{
  "total_tldrs": 332,
  "total_tokens": 1028655,
  "total_cost": 0.13253849999999992,
  "runs": 9485,
  "last_run": "2026-05-18T07:48:04.826039"
}