{
  "total_tldrs": 332,
  "total_tokens": 1028655,
  "total_cost": 0.13253849999999992,
  "runs": 7892,
  "last_run": "2026-04-11T21:02:28.691161"
}