{
  "total_tldrs": 109,
  "total_tokens": 282080,
  "total_cost": 0.03677809999999999,
  "runs": 917,
  "last_run": "2026-01-11T01:08:45.952284"
}