{
  "total_tldrs": 332,
  "total_tokens": 1028655,
  "total_cost": 0.13253849999999992,
  "runs": 7936,
  "last_run": "2026-04-12T14:58:34.241669"
}