{
  "total_tldrs": 189,
  "total_tokens": 581587,
  "total_cost": 0.0757524999999999,
  "runs": 2375,
  "last_run": "2026-01-24T16:17:48.980506"
}