{
  "total_tldrs": 311,
  "total_tokens": 969610,
  "total_cost": 0.12526629999999986,
  "runs": 4616,
  "last_run": "2026-02-22T17:49:12.436558"
}