{
  "total_tldrs": 332,
  "total_tokens": 1028655,
  "total_cost": 0.13253849999999992,
  "runs": 5715,
  "last_run": "2026-03-09T03:19:48.290036"
}