{
  "total_tldrs": 332,
  "total_tokens": 1028655,
  "total_cost": 0.13253849999999992,
  "runs": 7091,
  "last_run": "2026-03-29T07:29:24.874980"
}