{
  "total_tldrs": 206,
  "total_tokens": 673932,
  "total_cost": 0.08789789999999986,
  "runs": 2799,
  "last_run": "2026-01-28T17:41:22.857303"
}