{
  "total_tldrs": 192,
  "total_tokens": 594507,
  "total_cost": 0.07744319999999989,
  "runs": 2433,
  "last_run": "2026-01-25T04:59:13.687439"
}