{
  "total_tldrs": 300,
  "total_tokens": 936470,
  "total_cost": 0.12120469999999987,
  "runs": 4361,
  "last_run": "2026-02-19T15:42:32.625644"
}