{
  "total_tldrs": 332,
  "total_tokens": 1028655,
  "total_cost": 0.13253849999999992,
  "runs": 7923,
  "last_run": "2026-04-12T10:43:43.546301"
}