{
  "total_tldrs": 332,
  "total_tokens": 1028655,
  "total_cost": 0.13253849999999992,
  "runs": 7057,
  "last_run": "2026-03-28T18:29:22.831379"
}