{
  "total_tldrs": 332,
  "total_tokens": 1028655,
  "total_cost": 0.13253849999999992,
  "runs": 8309,
  "last_run": "2026-04-19T19:47:28.922505"
}