{
  "total_tldrs": 332,
  "total_tokens": 1028655,
  "total_cost": 0.13253849999999992,
  "runs": 9651,
  "last_run": "2026-05-23T23:46:24.163793"
}