{
  "total_tldrs": 332,
  "total_tokens": 1028655,
  "total_cost": 0.13253849999999992,
  "runs": 6500,
  "last_run": "2026-03-20T16:22:55.210443"
}