{
  "total_tldrs": 207,
  "total_tokens": 676833,
  "total_cost": 0.08829419999999986,
  "runs": 2804,
  "last_run": "2026-01-28T18:54:10.299122"
}