{
  "total_tldrs": 195,
  "total_tokens": 617858,
  "total_cost": 0.08050759999999987,
  "runs": 2593,
  "last_run": "2026-01-26T14:47:18.411471"
}