{
  "total_tldrs": 216,
  "total_tokens": 721194,
  "total_cost": 0.09417449999999987,
  "runs": 2954,
  "last_run": "2026-01-30T18:20:31.639038"
}