{
  "total_tldrs": 177,
  "total_tokens": 533948,
  "total_cost": 0.06959539999999992,
  "runs": 2150,
  "last_run": "2026-01-22T15:01:58.619169"
}