{
  "total_tldrs": 277,
  "total_tokens": 877885,
  "total_cost": 0.11385429999999985,
  "runs": 3865,
  "last_run": "2026-02-12T15:26:12.139833"
}