{
  "total_tldrs": 332,
  "total_tokens": 1028655,
  "total_cost": 0.13253849999999992,
  "runs": 8758,
  "last_run": "2026-04-29T16:21:43.418690"
}