{
  "total_tldrs": 190,
  "total_tokens": 583110,
  "total_cost": 0.0759488999999999,
  "runs": 2376,
  "last_run": "2026-01-24T16:32:44.000905"
}