{
  "total_tldrs": 180,
  "total_tokens": 554735,
  "total_cost": 0.07221439999999991,
  "runs": 2229,
  "last_run": "2026-01-23T10:16:16.899211"
}