{
  "total_tldrs": 332,
  "total_tokens": 1028655,
  "total_cost": 0.13253849999999992,
  "runs": 8981,
  "last_run": "2026-05-04T18:49:39.665547"
}