{
  "total_tldrs": 312,
  "total_tokens": 970600,
  "total_cost": 0.12539049999999985,
  "runs": 4649,
  "last_run": "2026-02-23T00:49:10.278278"
}