{
  "total_tldrs": 332,
  "total_tokens": 1028655,
  "total_cost": 0.13253849999999992,
  "runs": 7503,
  "last_run": "2026-04-04T23:54:31.273259"
}