{
  "total_tldrs": 332,
  "total_tokens": 1028655,
  "total_cost": 0.13253849999999992,
  "runs": 9770,
  "last_run": "2026-05-28T03:24:17.997262"
}