{
  "total_tldrs": 332,
  "total_tokens": 1028655,
  "total_cost": 0.13253849999999992,
  "runs": 8979,
  "last_run": "2026-05-04T17:42:05.160882"
}