{
  "total_tldrs": 332,
  "total_tokens": 1028655,
  "total_cost": 0.13253849999999992,
  "runs": 8739,
  "last_run": "2026-04-29T01:06:43.117067"
}