{
  "total_tldrs": 332,
  "total_tokens": 1028655,
  "total_cost": 0.13253849999999992,
  "runs": 8733,
  "last_run": "2026-04-28T22:08:28.718880"
}