{
  "total_tldrs": 320,
  "total_tokens": 986766,
  "total_cost": 0.12745439999999986,
  "runs": 4803,
  "last_run": "2026-02-25T17:15:36.975050"
}