{
  "total_tldrs": 110,
  "total_tokens": 288541,
  "total_cost": 0.03757779999999998,
  "runs": 995,
  "last_run": "2026-01-11T17:08:20.259092"
}